grade_band,weekday_affinity,semantic_group,proposed_question_family,question_text,gate_type,yes_follow_up_intents,no_branch_direction,recommended_cooldown_days,time_of_day,rapport_weight,existing_similar_question_ids,duplicate_risk,why_needed,status
초1~2,"sat,sun",MEAL_AND_TASTE,FOOD_TODAY,오늘 먹은 것 중에 제일 맛있었던 건 뭐야?,OPEN,음식 이름 묻기;어떤 맛이었는지 묻기;누구와 함께 먹었는지 묻기,좋아하는 간식이나 먹고 싶은 음식으로 전환,5,evening,2,026af462-7f62-ce82-6002-b227e55cd12d;f7a5059e-c8d3-7259-0d94-3a5d96d14189,LOW,"주말 특별한 식사나 간식 경험을 탐색하기 위해 weekday_affinity에 sat,sun 추가 필요",REUSE_EXISTING
초1~2,sat,DIGITAL_CONTENT,VIDEO_TODAY,요즘 재미있게 보는 만화나 영상이 있어?,GATE,만화나 영상 제목 묻기;제일 좋아하는 등장인물 묻기;어떤 장면이 웃겼는지 묻기,좋아하는 장난감 놀이나 만들기 활동으로 전환,7,afternoon,2,e3df1283-a841-cb53-f652-079f54c95d3f;ff0fc18e-564f-0a88-1a02-a62f17d426f6,LOW,주말 여가시간 미디어 시청 맥락에 맞춰 weekday_affinity에 sat 추가 필요,REUSE_EXISTING
초1~2,sat,FAMILY_RELATIONSHIP,WEEKEND_HIGHLIGHT,오늘 가족이랑 같이 한 게 있어?,GATE,가족과 무엇을 했는지 묻기;어떤 점이 재미있었는지 묻기,혼자 재미있게 즐긴 놀이나 휴식으로 전환,5,evening,2,52a7979f-8ac2-c61d-a58f-2e8de9c69cbc;8589078c-90e0-b520-9c66-c64136eb6c8a,LOW,기존 토요일 가족 활동 질문 유지,REUSE_EXISTING
초1~2,sat,HOBBY_AND_CREATION,FRIEND_PLAY,오늘 무슨 놀이 했어?,OPEN,놀이 이름 묻기;혼자 했는지 친구나 가족과 했는지 묻기,오늘 쉬면서 보낸 시간이나 다른 활동으로 전환,3,afternoon,1,6e330beb-1bb3-f14f-f2e2-97923c3ce292,LOW,기존 토요일 놀이 질문 유지,REUSE_EXISTING
초1~2,sat,DAILY_LIFE,OUTING_TODAY,오늘 밖에 나가서 놀거나 어디 다녀왔어?,GATE,어디에 다녀왔는지 묻기;누구와 함께 갔는지 묻기;무엇을 보고 놀았는지 묻기,집에서 한 재미있는 놀이나 편안한 휴식으로 전환,5,afternoon,2,,LOW,토요일 주말 외출 및 나들이 생활맥락을 파악하기 위한 질문,NEW_QUESTION
초1~2,sat,DIGITAL_CONTENT,GAME_TODAY,오늘 게임이나 스마트폰 놀이 했어?,GATE,무슨 게임인지 묻기;혼자 했는지 누구와 같이 했는지 묻기;어떤 점이 재미있었는지 묻기,장난감 놀이나 다른 재미있었던 일로 전환,5,afternoon,2,,LOW,초등 저학년 주말 디지털 놀이 경험을 사실 가정 없이 확인하기 위함,NEW_QUESTION
초1~2,sat,DAILY_LIFE,MOOD_TODAY,오늘 아침에 일어났을 때 기분이 개운했어?,GATE,푹 자서 힘이 나는지 묻기;아침에 일어나서 먼저 한 일 묻기,아직 졸린지 묻기;낮에 낮잠이나 휴식을 취했는지 묻기,7,morning,1,,LOW,토요일 아침 등교 부담 없는 여유로운 기상 맥락 파악,NEW_QUESTION
초1~2,sat,DAILY_LIFE,ACADEMY_TODAY,오늘 혹시 주말 학원이나 운동 다녀왔어?,GATE,어떤 학원이나 운동인지 묻기;오늘 새롭게 배운 것이나 재밌었던 점 묻기,주말 자유시간 동안 신나게 논 일로 전환,7,afternoon,1,,LOW,"주말 예체능(태권도, 미술, 수영 등) 활동 여부를 사실 가정 없이 확인",NEW_QUESTION
초1~2,sat,PEER_CONNECTION,FRIEND_PLAY,오늘 동네나 놀이터에서 친구 만났어?,GATE,어떤 친구를 만났는지 묻기;같이 무슨 놀이를 했는지 묻기,가족이나 혼자 재미있게 즐긴 놀이로 전환,5,afternoon,2,,LOW,학교 밖 동네/놀이터 주말 또래 교류 맥락 탐색,NEW_QUESTION
초1~2,sat,HOBBY_AND_CREATION,FRIEND_PLAY,오늘 집에서 블록이나 장난감 가지고 놀았어?,GATE,무엇을 만들었는지 묻기;어떤 놀이를 했는지 묻기,"그림 그리기, 책 읽기 등 다른 실내 활동으로 전환",5,afternoon,1,,LOW,초1~2 저학년 실내 장난감/교구 놀이 생활맥락 확인,NEW_QUESTION
초1~2,sat,FAMILY_RELATIONSHIP,OUTING_TODAY,오늘 가족이랑 마트나 시장에 다녀왔어?,GATE,어디에 갔는지 묻기;맛있는 거나 사고 싶은 걸 골랐는지 묻기,집에서 가족과 맛있게 먹은 음식이나 놀이로 전환,7,afternoon,2,,LOW,주말 저학년 일상에서 흔한 마트/시장 동행 경험 탐색,NEW_QUESTION
초1~2,sat,PHYSICAL_STATE,OUTING_TODAY,오늘 밖에서 땀날 만큼 신나게 뛰어놀았어?,GATE,어디서 뛰었는지 묻기;누구랑 뛰놀았는지 묻기,실내에서 편안하게 보낸 시간으로 전환,5,afternoon,1,,LOW,주말 야외 신체활동 및 활력 상태 파악,NEW_QUESTION
초1~2,sat,INTEREST_AND_PREFERENCE,WEEKEND_EXPECTATION,내일 일요일에 꼭 하고 싶은 일이 있어?,GATE,어떤 일인지 묻기;누구와 함께 하고 싶은지 묻기,푹 쉬거나 맛있는 것을 먹고 싶은 마음으로 전환,7,evening,2,,LOW,토요일 저녁 다음 날(일요일) 계획/기대감 탐색,NEW_QUESTION
초1~2,sat,DAILY_HIGHLIGHT,WEEKEND_HIGHLIGHT,오늘 제일 크게 웃었던 일이 뭐야?,OPEN,어떤 일 때문에 웃었는지 묻기;누구랑 함께 웃었는지 묻기,조용하고 편안했던 순간으로 전환,5,evening,2,06ad85ce-c331-2315-bd85-4ffab3ca8e3a;f35ae9ea-b736-6302-9efe-95730ff67835,LOW,토요일 유쾌하고 긍정적인 하이라이트 감정 회고,NEW_QUESTION
초1~2,sat,DAILY_LIFE,MOOD_TODAY,오늘 낮에 이불 속에서 뒹굴거리며 쉬었어?,GATE,쉴 때 어떤 생각을 하거나 뭐 했는지 묻기;마음이 편안했는지 묻기,낮에 보낸 활기찬 활동으로 전환,5,afternoon,1,,LOW,집에서 편하게 쉰 아이들을 배려한 주말 집콕 휴식 질문,NEW_QUESTION
초1~2,sat,MEAL_AND_TASTE,FOOD_TODAY,오늘 달콤하거나 맛있는 주말 간식 먹었어?,GATE,어떤 간식이었는지 묻기;누가 주셨거나 같이 먹었는지 묻기,오늘 먹은 밥 중에 맛있었던 메뉴로 전환,5,afternoon,2,,LOW,토요일 아이들이 좋아하는 간식 경험을 자연스럽게 묻는 Gate 질문,NEW_QUESTION
초1~2,sun,DAILY_LIFE,WEEKEND_EXPECTATION,다음 주에 제일 기다려지는 건 뭐야?,OPEN,무엇이 기다려지는지 구체적으로 묻기;그게 왜 기대되는지 묻기,다음 주에 만나고 싶은 친구나 하고 싶은 놀이로 전환,7,evening,2,497b9e75-5ed9-035a-c179-c34ee7e5609f;d9d362b2-1b84-2b8a-0f2e-136a8d110e61,LOW,기존 일요일 다음 주 기대 질문 유지,REUSE_EXISTING
초1~2,sun,DAILY_HIGHLIGHT,WEEKEND_HIGHLIGHT,오늘 집에서 조용히 쉬었어?,GATE,쉴 때 어떤 기분이었는지 묻기;누워서 무엇을 보거나 들었는지 묻기,오늘 밖에서 한 활동이나 놀이로 전환,7,afternoon,1,18385caf-e417-4828-7e82-bb3e26d3f4d3,LOW,기존 일요일 집콕 휴식 질문 유지,REUSE_EXISTING
초1~2,sun,DAILY_HIGHLIGHT,WEEKEND_HIGHLIGHT,오늘 하루 중에 제일 재밌었던 순간이 언제야?,OPEN,어떤 순간이었는지 묻기;왜 제일 재미있었는지 묻기,가장 마음 편했던 순간으로 전환,5,evening,2,0931af3d-4cc2-41ea-a080-254fe7645d7e,LOW,기존 일요일 일상 하이라이트 질문 유지,REUSE_EXISTING
초1~2,sun,MOOD_CHECK,MOOD_TODAY,"오늘 마음 날씨는 맑음, 구름, 비 중에 뭐야?",OPEN,날씨를 고른 이유 묻기;마음이 밝아진 순간 공감하기,비나 구름일 때 위로하고 따뜻하게 토닥이기,7,evening,2,9b1cb955-d0cd-69a0-e610-cba01f9921ba;43c6b427-6348-3b16-c3ce-29ec5c6c6f95,LOW,주말을 마무리하며 감정을 직관적(날씨)으로 돌아보는 질문으로 weekday_affinity에 sun 명시,REUSE_EXISTING
초1~2,sun,DAILY_HIGHLIGHT,WEEKEND_HIGHLIGHT,이번 주말(토·일)에 제일 신났던 순간이 언제야?,OPEN,무엇을 할 때였는지 묻기;누구와 함께 있었는지 묻기,주말 동안 가장 편안했던 순간으로 전환,7,evening,2,,LOW,일요일 저녁 주말 이틀간의 핵심 즐거움을 회고하는 질문,NEW_QUESTION
초1~2,sun,DAILY_LIFE,OUTING_TODAY,오늘 가족이랑 외식하거나 놀러 갔다 왔어?,GATE,어디에 다녀왔는지 묻기;무엇을 맛있게 먹었거나 재미있게 보았는지 묻기,집에서 가족과 함께 보낸 즐거운 시간으로 전환,7,evening,2,,LOW,일요일 가족 외식 및 주말 외출 경험 탐색,NEW_QUESTION
초1~2,sun,MOOD_CHECK,WEEKEND_EXPECTATION,내일 학교 갈 생각 하면 어떤 기분이 들어?,OPEN,기대되는 이유 공감하기;만나고 싶은 친구나 수업 묻기,조금 아쉽거나 피곤한 마음 공감하고 격려하기,7,evening,3,,LOW,일요일 저녁 등교 부담/기대 감정을 섬세하게 확인,NEW_QUESTION
초1~2,sun,PEER_CONNECTION,WEEKEND_EXPECTATION,내일 학교 가면 제일 먼저 보고 싶은 친구가 있어?,GATE,친구 이름 묻기;만나서 무슨 이야기나 놀이를 하고 싶은지 묻기,내일 학교에서 해보고 싶은 활동으로 전환,7,evening,2,,LOW,일요일 저녁 또래 관계 기대감을 통해 월요일 등교 동기 부여,NEW_QUESTION
초1~2,sun,HOBBY_AND_CREATION,FRIEND_PLAY,오늘 책을 읽거나 그림 그리며 놀았어?,GATE,어떤 책을 읽었거나 무엇을 그렸는지 묻기;가장 마음에 든 부분 묻기,다른 재미있었던 놀이나 TV 시청 이야기로 전환,5,afternoon,1,,LOW,일요일 조용한 창작/독서 여가 활동 확인,NEW_QUESTION
초1~2,sun,PHYSICAL_STATE,MOOD_TODAY,"지금 몸은 쌩쌩해, 아니면 조금 졸려?",OPEN,졸리면 푹 잘 수 있도록 토닥이기;쌩쌩하면 오늘 하루 에너지를 잘 썼는지 묻기,편안하게 쉴 수 있는 수면 분위기 조성,7,evening,1,c0825661-3e4c-12d7-5469-dd1710d43109;f93d68fb-fc17-b02c-8d77-a07aa2a93799,LOW,일요일 밤 취침 전 신체 컨디션 체크 및 숙면 유도,NEW_QUESTION
초1~2,sun,MEAL_AND_TASTE,FOOD_TODAY,오늘 저녁에 제일 맛있게 먹은 반찬이나 음식은 뭐야?,OPEN,어떤 음식이었는지 묻기;누가 만들어주셨는지 묻기,오늘 먹은 간식이나 마신 음료로 전환,5,evening,2,,LOW,일요일 저녁 가족 식사 경험 공유,NEW_QUESTION
초1~2,sun,FAMILY_RELATIONSHIP,WEEKEND_HIGHLIGHT,오늘 가족이랑 같이 깔깔 웃었던 일이 있어?,GATE,어떤 일 때문에 다 같이 웃었는지 묻기,가족과 함께 보낸 잔잔하고 편안한 시간으로 전환,7,evening,2,,LOW,일요일 가정 내 긍정적 유대감 및 웃음 경험 회고,NEW_QUESTION
초1~2,sun,DAILY_LIFE,WEEKEND_HIGHLIGHT,오늘 낮에 심심하지 않고 재미있게 보냈어?,GATE,무엇을 하며 시간을 보냈는지 묻기,조금 심심했을 때 하고 싶었던 놀이나 생각으로 전환,5,afternoon,1,,LOW,일요일 낮 여가 만족도 및 심심함/재미 여부 탐색,NEW_QUESTION
초1~2,sun,SCHOOL_EXPERIENCE,WEEKEND_EXPECTATION,다음 주에 학교에서 체육이나 미술처럼 기대되는 시간이 있어?,GATE,어떤 시간인지 묻기;왜 그 시간이 기대되는지 묻기,쉬는 시간에 친구들과 놀 기대감으로 전환,7,evening,2,,LOW,다음 주 학교 수업에 대한 긍정적 흥미 유발,NEW_QUESTION
초1~2,sun,DAILY_LIFE,WEEKEND_EXPECTATION,내일 입을 옷이나 책가방 미리 챙겨뒀어?,GATE,스스로 챙겼는지 칭찬하기;내일 입을 옷 색깔 묻기,자기 전에 천천히 챙기면 된다고 안심시키기,7,evening,1,,LOW,초1~2 저학년의 자기관리 습관 및 월요일 준비 일상 확인,NEW_QUESTION
초1~2,sun,EMOTIONAL_EXPERIENCE,MOOD_TODAY,이번 주말을 보낸 나 자신에게 잘 쉬었다 하고 칭찬해줄까?,OPEN,주말 동안 즐겁게 보낸 스스로를 토닥여주기;편안한 밤 되라고 축복하기,아쉬웠던 점을 부드럽게 들어주고 다음 주말을 기대하게 하기,7,evening,3,,LOW,일요일 밤 자기 긍정감과 정서적 안정감을 주는 마무리 질문,NEW_QUESTION
초1~2,thu,PHYSICAL_STATE,FOOD_TODAY,"지금 배고파, 아니면 괜찮아?",GATE,먹고 싶은 간식 확인;저녁 식사 기대감,지금 편안한 상태 공감 및 다른 활동으로 전환,7,afternoon,1,1b607c42-5856-faa1-74ce-89c6ef159094,LOW,기존 목요일 승인 질문 유지 (하교 후 기본 신체 상태 확인),REUSE_EXISTING
초1~2,thu,PHYSICAL_STATE,MOOD_TODAY,"지금 졸려, 아니면 괜찮아?",GATE,푹 쉴 수 있는 편안한 분위기 조성;오늘 하루 수고 격려,신나게 할 수 있는 다음 활동으로 전환,7,evening,1,f93d68fb-fc17-b02c-8d77-a07aa2a93799,LOW,기존 목요일 승인 질문 유지 (목요일 저녁 피로도 확인),REUSE_EXISTING
초1~2,thu,PHYSICAL_STATE,MOOD_TODAY,"오늘 몸이 쌩쌩했어, 조금 피곤했어?",GATE,오늘 신나게 활동했던 순간 확인,목요일 주 후반 피로감 공감 및 휴식 격려,7,evening,1,acb12d9a-49c0-c7fe-402e-29c05a7875ae,LOW,기존 미지정 질문에 weekday_affinity thu 추가 (주 후반 컨디션 체크),REUSE_EXISTING
초1~2,thu,PHYSICAL_STATE,MOOD_TODAY,오늘 조용히 쉬고 싶었던 때가 있었어?,GATE,쉬고 싶었던 순간 공감;지금 편안하게 쉬고 있는지 확인,하루 종일 즐겁게 보낸 활동으로 전환,7,evening,1,b2b2f3f3-a7d4-f832-fba2-1e6a2d0501f6,LOW,기존 미지정 질문에 weekday_affinity thu 추가 (목요일 쉼 맥락 지원),REUSE_EXISTING
초1~2,thu,SCHOOL_EXPERIENCE,SCHOOL_HIGHLIGHT,오늘 쉬는 시간에 뭐 했어?,OPEN,누구와 함께했는지;무슨 놀이였는지,교실에서 편하게 쉰 이야기로 전환,7,afternoon,2,513bc5f5-976a-4e25-9214-8a4b4683e8dc,LOW,기존 mon 전용 질문에 weekday_affinity thu 추가 (목요일 학교 쉬는시간 경험),REUSE_EXISTING
초1~2,thu,SCHOOL_EXPERIENCE,FRIEND_PLAY,"오늘 운동장에서 놀았어, 교실에서 놀았어?",GATE,그 장소에서 누구와 무슨 놀이를 했는지 확인,실내에서 조용히 보낸 재미있는 활동으로 전환,7,afternoon,1,03804e84-ed22-1fe5-f6c8-da0a7ef4a803,LOW,기존 mon 전용 질문에 weekday_affinity thu 추가 (목요일 활동 공간 확인),REUSE_EXISTING
초1~2,thu,SCHOOL_EXPERIENCE,ACADEMY_LEARNING,오늘 학원이나 방과후에서 새로 배운 게 있어?,GATE,어떤 내용이었는지;재미있었는지 칭찬,집에서 한 자유 놀이나 편안한 휴식으로 전환,7,evening,2,31c2dcbd-daf0-da13-1ef2-0e77dddaf455,LOW,기존 mon 전용 질문에 weekday_affinity thu 추가 (목요일 방과후/학원 배움),REUSE_EXISTING
초1~2,thu,TEACHER_RELATIONSHIP,SCHOOL_HIGHLIGHT,오늘 선생님이 도와준 일이 있었어?,GATE,어떤 도움을 받았는지;기분이 어땠는지 확인,스스로 씩씩하게 잘 해낸 순간 칭찬으로 전환,7,afternoon,2,18da943d-9ae3-e9b3-84be-72842390d610,LOW,기존 mon 전용 질문에 weekday_affinity thu 추가 (목요일 교사 상호작용),REUSE_EXISTING
초1~2,thu,PEER_CONNECTION,FRIEND_PLAY,오늘 친구랑 같이 웃은 일이 있었어?,GATE,어떤 일 때문에 웃었는지;친구와 나눈 대화,오늘 혼자서 재미있게 보낸 순간으로 전환,7,afternoon,2,fe4e71a5-f4d6-0b69-9693-1dae5fd5fff6,LOW,기존 tue 전용 질문에 weekday_affinity thu 추가 (목요일 또래 긍정 상호작용),REUSE_EXISTING
초1~2,thu,MEAL_AND_TASTE,FOOD_TODAY,오늘 먹은 것 중에 제일 맛있었던 건 뭐야?,OPEN,어떤 음식이었는지;누구와 함께 먹었는지,다음에 먹고 싶은 좋아하는 음식 이야기로 전환,7,evening,1,026af462-7f62-ce82-6002-b227e55cd12d,LOW,기존 미지정 질문에 weekday_affinity thu 추가 (목요일 식사/간식 일상 확인),REUSE_EXISTING
초1~2,thu,DAILY_LIFE,WEEKEND_EXPECTATION,내일 학교 끝나면 신나는 일이 기다리고 있어?,GATE,어떤 일인지;누구와 함께하는지,집에서 편하게 쉴 계획인지 공감,7,evening,2,6af94599-7ac8-cf54-0acb-32c23838590a,MEDIUM,목요일 저녁 금요일 하교 후 일정 및 주말 전야 기대감 확인,NEW_QUESTION
초1~2,thu,SCHOOL_EXPERIENCE,ACADEMY_TODAY,오늘 방과후나 학원에서 재미있는 활동 했어?,GATE,어떤 활동이었는지;가장 재미있었던 점,집에서 한 자유 놀이나 편안한 휴식으로 전환,7,afternoon,1,,LOW,목요일 방과후/학원 특화 생활 맥락 질문 (Gate형),NEW_QUESTION
초1~2,thu,MEAL_AND_TASTE,FOOD_TODAY,오늘 급식이나 간식에 맛있는 거 나왔어?,GATE,어떤 메뉴였는지;맛있게 다 먹었는지 칭찬,저녁에 먹고 싶은 좋아하는 반찬이나 간식으로 전환,7,afternoon,1,,LOW,초1~2 목요일 학교 급식 및 하교 후 간식 생활 맥락 질문,NEW_QUESTION
초1~2,thu,PEER_CONNECTION,FRIEND_PLAY,오늘 학교에서 친구랑 무슨 놀이 하고 놀았어?,OPEN,놀이 규칙이나 재미있었던 순간;누구와 함께했는지,혼자서 책을 읽거나 재미있게 보낸 활동으로 전환,7,afternoon,2,6e330beb-1bb3-f14f-f2e2-97923c3ce292,MEDIUM,목요일 학교 내 또래 놀이 활동 구체적 확인,NEW_QUESTION
초1~2,thu,PHYSICAL_STATE,MOOD_TODAY,오늘 하루 보내면서 다리가 아프거나 힘들진 않았어?,GATE,언제 힘들었는지;지금 편하게 쉬고 있는지 다정한 공감,오늘 씩씩하게 활동한 이야기로 전환,7,evening,2,,LOW,목요일 주 후반 누적 신체 피로도 점검 및 정서적 위로,NEW_QUESTION
초1~2,thu,TEACHER_RELATIONSHIP,SCHOOL_HIGHLIGHT,오늘 선생님이 재미있는 이야기나 수업을 해주셨어?,GATE,어떤 이야기였는지;기억에 남는 장면,친구들과 함께한 시간이나 자유시간 이야기로 전환,7,afternoon,2,,LOW,목요일 담임 교사와의 긍정적 수업 및 이야기 경험 확인,NEW_QUESTION
초1~2,thu,DAILY_LIFE,WEEKEND_EXPECTATION,내일이 금요일인 거 알고 있어?,GATE,금요일에 기대되는 일;주말 기분 공감,내일 하루만 더 보내면 주말이라는 다정한 응원,7,evening,2,,LOW,목요일 저녁 주말 카운트다운 및 금요일 기대감 형성,NEW_QUESTION
초1~2,thu,HOBBY_AND_CREATION,SCHOOL_HIGHLIGHT,오늘 수업 시간에 책이나 공책에 재미있는 거 그렸어?,GATE,무엇을 그렸는지;어떤 색을 썼는지 칭찬,손으로 만들거나 글씨 쓴 다른 활동으로 전환,7,afternoon,1,365d0a2b-2b81-b6b6-c23e-a6750ba3f09b,MEDIUM,초1~2 미술/활동 수업 및 끄적거리기 창의 활동 확인,NEW_QUESTION
초1~2,fri,ACHIEVEMENT,SCHOOL_HIGHLIGHT,이번 주에 스스로 해낸 일 중 제일 뿌듯한 건 뭐야?,OPEN,어떤 일이었는지;스스로 해냈을 때의 기분 칭찬,이번 주에 재미있게 보낸 일상으로 전환,14,afternoon,2,31036b3d-5c6b-e9be-5747-31f3853ff597,LOW,기존 금요일 승인 질문 유지 (한 주 스스로 성취 회고),REUSE_EXISTING
초1~2,fri,ACHIEVEMENT,SCHOOL_HIGHLIGHT,오늘 선생님이 칭찬해준 일이 있었어?,GATE,어떤 일로 칭찬받았는지;기분이 어땠는지 확인,스스로 생각하기에 잘한 일 이야기로 전환,7,afternoon,2,59e4894b-7ef1-e80c-a409-ef3995156857,LOW,기존 금요일 승인 질문 유지 (금요일 학교 칭찬 경험),REUSE_EXISTING
초1~2,fri,DAILY_LIFE,WEEKEND_EXPECTATION,내일 누구랑 놀고 싶어?,OPEN,그 사람과 하고 싶은 놀이;주말 기대감,혼자서 편안하게 즐기고 싶은 놀이로 전환,7,evening,2,0b0dca1f-3c79-abd7-3547-4142a0dc30eb,LOW,기존 미지정 질문에 weekday_affinity fri 추가 (토요일 놀이 파트너 기대),REUSE_EXISTING
초1~2,fri,FAMILY_RELATIONSHIP,WEEKEND_EXPECTATION,내일 가족과 같이 하고 싶은 게 있어?,GATE,어떤 활동인지;가족과 나눌 즐거움 공감,집에서 혼자 즐길 자유시간 놀이로 전환,7,evening,2,15db33fd-706b-52cd-fed5-78d30479d807,LOW,기존 sat 전용 질문에 weekday_affinity fri 추가 (금요일 저녁 주말 가족 활동 계획),REUSE_EXISTING
초1~2,fri,PEER_CONNECTION,FRIEND_PLAY,이번 주 친구랑 제일 재미있었던 놀이는 뭐야?,OPEN,어떤 놀이였는지;어떤 친구와 했는지,혼자서 가장 재미있게 한 놀이로 전환,14,afternoon,2,259a03b6-e6d1-c0f8-aa22-a6b0532a1b42,LOW,기존 tue 전용 질문에 weekday_affinity fri 추가 (주간 친구 놀이 회고),REUSE_EXISTING
초1~2,fri,SCHOOL_EXPERIENCE,SCHOOL_HIGHLIGHT,이번 주 학교에서 제일 재미있었던 건 뭐야?,OPEN,어떤 수업이나 순간이었는지;어떤 점이 좋았는지,하교 후나 주말에 재미있게 보낼 일로 전환,14,afternoon,2,0c20c7b8-29e6-f2ad-1830-cbcb485013cb,LOW,기존 mon 전용 질문에 weekday_affinity fri 추가 (금요일 주간 학교생활 하이라이트),REUSE_EXISTING
초1~2,fri,DIGITAL_CONTENT,VIDEO_TODAY,요즘 재미있게 보는 만화나 영상이 있어?,GATE,어떤 만화/영상인지;가장 재미있는 캐릭터나 장면,직접 몸으로 하거나 손으로 만드는 놀이로 전환,7,evening,1,e3df1283-a841-cb53-f652-079f54c95d3f,LOW,기존 wed 전용 질문에 weekday_affinity fri 추가 (금요일 저녁 콘텐츠 시청 기대),REUSE_EXISTING
초1~2,fri,DAILY_LIFE,WEEKEND_EXPECTATION,"내일부터 주말인데, 이번 주말에 하고 싶은 놀이 있어?",GATE,어떤 놀이인지;누구랑 하고 싶은지,집에서 편하게 쉬거나 만화 보는 계획으로 전환,7,afternoon,2,,LOW,금요일 하교 후 주말 기대감 및 주말 놀이 계획 확인,NEW_QUESTION
초1~2,fri,EMOTIONAL_EXPERIENCE,SCHOOL_HIGHLIGHT,이번 주에 학교나 집에서 엄청 웃겼던 일 있었어?,GATE,누가 어떤 말을 해서 웃겼는지;즐거운 기억 공유,마음이 따뜻했거나 기분 좋았던 순간으로 전환,14,afternoon,2,,LOW,금요일 주간 긍정 정서 회고 (웃긴 일 나눔),NEW_QUESTION
초1~2,fri,MEAL_AND_TASTE,FOOD_TODAY,오늘 금요일 저녁에 맛있는 거 먹을 계획 있어?,GATE,어떤 메뉴인지;가장 기대되는 음식 이야기,평소 좋아하는 음식이나 주말에 먹고 싶은 간식으로 전환,7,evening,1,,LOW,금요일 저녁 특식/외식 생활 맥락 질문,NEW_QUESTION
초1~2,fri,DAILY_LIFE,OUTING_TODAY,이번 주말에 가족이나 친구랑 어디 놀러 갈 계획 있어?,GATE,어디로 가는지;가서 무엇을 할 계획인지,집에서 편하게 보내는 홈캉스/휴식 계획으로 전환,7,evening,2,,LOW,주말 외출/나들이 계획 확인 (금요일 저녁 특화),NEW_QUESTION
초1~2,fri,EMOTIONAL_EXPERIENCE,MOOD_TODAY,오늘 학교 끝나고 집에 올 때 기분이 신났어?,GATE,왜 신났는지;주말 시작의 설렘 공감,조금 지쳤거나 아쉬웠던 점이 있었는지 다정한 공감,7,afternoon,2,,LOW,금요일 하교 순간의 해방감과 기분 점검,NEW_QUESTION
초1~2,fri,DIGITAL_CONTENT,GAME_TODAY,오늘 저녁에 재미있는 게임이나 만화 볼 계획 있어?,GATE,어떤 게임이나 만화인지;누구와 함께하는지,다른 장난감 놀이나 일찍 푹 자는 휴식으로 전환,7,evening,1,,LOW,금요일 저녁 자유시간 미디어/게임 활동 계획 확인 (Gate형),NEW_QUESTION
초1~2,fri,DAILY_LIFE,WEEKEND_EXPECTATION,내일 아침에는 알람 없이 늦잠 잘 수 있어?,GATE,푹 자고 일어나서 제일 먼저 하고 싶은 일,내일 아침 일찍 있는 일정이나 기분 확인,7,evening,1,,LOW,주말 전야 늦잠 및 여유로운 아침 기대감 확인,NEW_QUESTION
초1~2,fri,PEER_CONNECTION,FRIEND_PLAY,이번 주말에 친구랑 만나서 놀기로 약속했어?,GATE,어떤 친구와 무슨 놀이를 하기로 했는지,가족과 보내는 시간이나 혼자만의 재미있는 놀이로 전환,7,afternoon,2,,LOW,주말 또래 약속 여부 확인 (Gate형),NEW_QUESTION
초1~2,fri,PEER_CONNECTION,FRIEND_PLAY,이번 주에 새로 사귄 친구나 더 친해진 친구가 있어?,GATE,그 친구와 어떤 이야기를 나누었는지;기분 칭찬,늘 함께하는 단짝 친구와의 즐거운 추억으로 전환,14,afternoon,2,,LOW,주간 교우 관계 확장 및 친밀도 회고,NEW_QUESTION
초1~2,fri,PEER_CONNECTION,FRIEND_PLAY,오늘 학교 끝나고 친구랑 인사할 때 주말 잘 보내라고 했어?,GATE,어떤 친구에게 인사했는지;주말 기대감 나눔,다음 주 월요일에 다시 만날 친구에게 건넬 인사로 전환,7,afternoon,1,,LOW,금요일 하교 인사 및 주말 인사 생활 맥락,NEW_QUESTION
초1~2,fri,LEARNING_AND_STUDY,SCHOOL_HIGHLIGHT,이번 주에 다 쓴 알림장이나 교과서 가방에서 잘 꺼내뒀어?,GATE,스스로 정리한 깔끔한 기분 칭찬,주말 동안 천천히 챙기면 된다는 다정한 격려,7,evening,1,,LOW,금요일 하교 후 주간 학습물/가방 정리 생활습관 확인,NEW_QUESTION
초3~4,sat,DIGITAL_CONTENT,GAME_TODAY,오늘 집에서 게임이나 유튜브 같은 재미있는 영상 본 거 있어?,GATE,어떤게임/영상인지;누구와함께했는지;가장재미있었던장면,외출이나나들이활동확인;보드게임이나다른놀이이야기,2,afternoon,2,175a9729-56cc-3ef8-a323-9c6551516cb5,LOW,토요일 대표 여가 활동인 게임 및 영상 시청 경험을 확인하는 Gate 질문,NEW_QUESTION
초3~4,sat,DIGITAL_CONTENT,VIDEO_TODAY,오늘 새로 보거나 요즘 푹 빠져서 챙겨보는 영상이나 만화가 있어?,GATE,영상/만화제목;등장인물이나스토리;재미있는이유공감,좋아하는게임이나다른취미확인;오늘주요활동질문,3,afternoon,2,4fdbfa80-6b05-2a3a-da08-504156479955,LOW,토요일 여유 시간에 즐기는 애니메이션·웹툰·영상 취향 확인 질문,NEW_QUESTION
초3~4,sat,PEER_CONNECTION,FRIEND_PLAY,오늘 친구 만나서 밖에서 뛰어놀거나 친구 집에 놀러 갔다 왔어?,GATE,어떤친구와만났는지;어디서무슨놀이했는지;즐거웠던순간,가족과의나들이확인;집에서혼자즐긴놀이질문,2,afternoon,2,098f6377-7be1-58a9-ef08-e71d44be44f9,LOW,토요일 낮 또래 친구들과의 오프라인 놀이 및 상호작용 확인 질문,NEW_QUESTION
초3~4,sat,LEARNING_AND_STUDY,ACADEMY_TODAY,"오늘 태권도나 수영, 미술처럼 주말 학원이나 운동 다녀왔어?",GATE,어떤운동/학원인지;새로배운동작이나기술;힘들었지만뿌듯한점,집에서의여유로운휴식확인;자유놀이이야기,3,afternoon,2,18790aeb-d904-57df-f6eb-e828be15fe30,LOW,초3~4 주말 예체능/운동 학원 루틴 및 신체활동 확인 질문,NEW_QUESTION
초3~4,sat,DAILY_LIFE,OUTING_TODAY,오늘 가족들이랑 마트나 공원처럼 어디 놀러 나갔다 왔어?,GATE,어디로외출했는지;가장신기하거나재미있었던것;구경한물건/풍경,집에서보낸편안한시간확인;실내취미활동이야기,2,evening,2,,LOW,토요일 가족 동반 외출·나들이 생활맥락을 탐색하는 Gate 질문,NEW_QUESTION
초3~4,sat,PHYSICAL_STATE,MOOD_TODAY,오늘 아침에 알람 없이 푹 늦잠 자거나 이불 속에서 여유롭게 뒹굴거렸어?,GATE,푹쉬고일어난개운한느낌공감;몇시까지여유부렸는지;주말아침기분,아침일찍시작한재미있는활동확인;오늘오전일정이야기,3,morning,2,,LOW,토요일 아침 특유의 여유와 신체 피로 회복을 공감하는 질문,NEW_QUESTION
초3~4,sat,MEAL_AND_TASTE,FOOD_TODAY,"오늘 점심이나 저녁으로 치킨, 피자나 외식처럼 특별히 맛있는 거 먹었어?",GATE,어떤특별한메뉴인지;누구와함께먹었는지;맛표현공감,맛있었던집밥메뉴확인;좋아하는주말간식질문,2,evening,2,a1bd7f3a-ea7d-4b01-a34b-121c22c9eff2,LOW,토요일 가족 배달음식 및 외식 경험을 공유하는 식사 라포 질문,NEW_QUESTION
초3~4,sat,HOBBY_AND_CREATION,RAPPORT_INTEREST,"오늘 레고 조립이나 그리기, 만들기 같은 거에 푹 빠져서 해봤어?",GATE,무엇을만들었는지;완성작품자랑/설명;만들면서어려웠던점,영상시청이나게임등다른실내놀이확인;야외활동질문,3,afternoon,2,c006d28b-e468-8e3b-a2a7-2dcda51e3d44,LOW,주말 긴 자유시간에 몰입하는 초3~4 창작/만들기 취미 활동 질문,NEW_QUESTION
초3~4,sat,FAMILY_RELATIONSHIP,RAPPORT_INTEREST,오늘 집에서 가족이랑 보드게임 하거나 같이 영화 본 거 있어?,GATE,어떤게임/영화인지;누가이겼는지/인상깊은장면;가족들반응,각자편안하게보낸시간확인;혼자즐긴놀이이야기,3,evening,2,8589078c-90e0-b520-9c66-c64136eb6c8a,LOW,토요일 저녁 가족과의 친밀한 실내 오락/여가 공유 경험 질문,NEW_QUESTION
초3~4,sat,HOBBY_AND_CREATION,RAPPORT_INTEREST,오늘 집에서 혼자 조용히 만화책이나 재미있는 책 읽으며 시간 보낸 거 있어?,GATE,어떤책인지;가장흥미진진했던부분;주인공이야기,활동적인놀이나영상시청확인;오늘기분점검,3,afternoon,2,,LOW,주말 조용한 1인 독서/휴식 시간을 보내는 아이의 취향 존중 질문,NEW_QUESTION
초3~4,sat,DAILY_HIGHLIGHT,WEEKEND_HIGHLIGHT,오늘 하루 중에 진짜 신났다고 느낀 순간이 있었어?,GATE,어떤순간이었는지;왜그렇게신났는지;함께한사람,조용하고차분했던시간확인;편안했던순간질문,2,evening,2,0931af3d-4cc2-41ea-a080-254fe7645d7e,LOW,토요일 하루의 가장 신났던 감정과 하이라이트를 회상하는 긍정 정서 질문,NEW_QUESTION
초3~4,sat,DAILY_LIFE,MOOD_TODAY,오늘 토요일 하루를 한마디나 세 글자로 표현하면 뭐야?,OPEN,,,3,evening,2,2956ef35-c685-324e-e51a-00fd848d9514,LOW,토요일 하루 전체의 감정과 활동을 재치 있게 요약해보는 열린 질문,NEW_QUESTION
초3~4,sat,FAMILY_RELATIONSHIP,ACHIEVEMENT,오늘 가족 심부름을 돕거나 집안일을 스스로 도와드린 일이 있어?,GATE,어떤일을도왔는지;가족들의반응;스스로뿌듯했던점칭찬,주말동안편안하게쉬었던점공감;오늘즐거웠던일질문,3,evening,2,276afcda-167e-0f0a-e32e-95e92d03c975,LOW,토요일 가정 내 자율적 기여와 가족 연대감을 확인하는 Gate 질문,NEW_QUESTION
초3~4,sat,MEAL_AND_TASTE,FOOD_TODAY,오늘 먹은 것 중에 제일 맛있었던 건 뭐야?,OPEN,,,2,evening,1,28c6161d-ecc2-a57b-456a-ac63cf1c49aa,LOW,토요일 맛있는 식사/간식 라포 형성용으로 weekday_affinity에 sat 추가 필요,REUSE_EXISTING
초3~4,sat,FAMILY_RELATIONSHIP,WEEKEND_HIGHLIGHT,이번 주 가족과 함께한 시간 중 제일 좋았던 순간은 언제였어?,OPEN,,,3,evening,2,295614cc-90fe-9aac-ab85-5500a4d0a876,LOW,토요일 가족 중심 회고 질문으로 기존 승인 자산 유지,REUSE_EXISTING
초3~4,sat,FAMILY_RELATIONSHIP,RAPPORT_INTEREST,오늘 가족에게 이야기하고 싶은 일이 있어?,GATE,어떤이야기인지;가족에게전하고싶은마음;이야기나눈소감,오늘나만의비밀이나혼자생각한즐거운일확인,3,evening,2,62ad69e8-1c69-dda0-d8f2-459dda21dad9,LOW,토요일 가족 대화 촉진용 질문으로 기존 승인 자산 유지,REUSE_EXISTING
초3~4,sat,HOBBY_AND_CREATION,RAPPORT_INTEREST,요즘 그리고 싶거나 만들고 싶은 게 있어?,GATE,어떤그림/만들기인지;필요한재료;구상한계획듣기,요즘관심있는다른놀이나활동질문,3,afternoon,2,c006d28b-e468-8e3b-a2a7-2dcda51e3d44,LOW,주말 창작 및 취미 욕구 파악용 질문으로 기존 승인 자산 유지,REUSE_EXISTING
초3~4,sat,HOBBY_AND_CREATION,RAPPORT_INTEREST,최근에 자주 듣는 노래나 좋아하는 소리가 있어?,GATE,어떤노래/소리인지;좋아하는이유;듣고있으면드는기분,요즘보는영상이나좋아하는게임이야기,3,afternoon,2,824b51a7-18af-5028-d191-91fe3a50dc55,LOW,주말 음악/음향 취향 및 힐링 요소 확인 질문으로 기존 승인 자산 유지,REUSE_EXISTING
초3~4,sat,DIGITAL_CONTENT,GAME_TODAY,친구에게 추천하고 싶은 게임이나 영상이 있어?,GATE,어떤게임/영상인지;추천하는이유;친구랑같이하고싶은지,혼자즐기는취미확인;오늘해본재미있는활동질문,3,afternoon,2,731fee20-ff12-803c-b994-6283b11f2322,LOW,주말 디지털 콘텐츠 공유 및 추천 질문으로 weekday_affinity에 sat 추가 필요,REUSE_EXISTING
초3~4,sun,DAILY_HIGHLIGHT,WEEKEND_HIGHLIGHT,이번 주말(토·일) 통틀어서 제일 재미있었거나 신났던 순간이 언제야?,OPEN,,,3,evening,2,14884138-6c25-a395-cefc-215a71903bb5,LOW,일요일 저녁에 주말 이틀간의 핵심 즐거움을 종합 회고하는 하이라이트 질문,NEW_QUESTION
초3~4,sun,DAILY_LIFE,OUTING_TODAY,오늘 일요일에 가족이랑 산책 가거나 가까운 곳으로 드라이브 다녀왔어?,GATE,어디로다녀왔는지;바깥에서본것이나느낀점;가족과나눈대화,집에서보낸여유로운시간확인;실내에서즐긴놀이질문,3,afternoon,2,,LOW,일요일 가족 나들이 및 야외 산책 생활맥락을 확인하는 Gate 질문,NEW_QUESTION
초3~4,sun,DIGITAL_CONTENT,GAME_TODAY,주말 동안 하고 싶었던 게임이나 보고 싶었던 영상은 원 없이 다 즐겼어?,GATE,가장재미있었던게임/영상;달성한레벨이나기억남는장면;만족감공감,아쉬웠던점공감;다음주말에이어서할계획확인,3,afternoon,2,4fdbfa80-6b05-2a3a-da08-504156479955,LOW,주말 디지털 여가 몰입도와 만족감을 확인하고 다음 일정을 돕는 질문,NEW_QUESTION
초3~4,sun,LEARNING_AND_STUDY,SCHOOL_HIGHLIGHT,오늘 내일 학교 갈 가방 챙기거나 주말 숙제는 미리 다 끝내 뒀어?,GATE,미리준비해둔성실함칭찬;편안한마음으로일요일마무리격려,남은숙제/준비물부담공감;천천히챙기도록가벼운격려,3,evening,1,a435f6b6-d7c7-fc3e-6aee-752321842656,LOW,일요일 저녁 등교 준비 및 주말 과제 완료 여부를 확인하는 루틴 질문,NEW_QUESTION
초3~4,sun,EMOTIONAL_EXPERIENCE,SCHOOL_HIGHLIGHT,"내일 월요일에 학교 갈 생각 하니까 기분이 어때? 조금 설레, 아니면 더 쉬고 싶어?",GATE,친구만날기대감공감;내일기대되는수업이나시간확인,주말끝나는아쉬움공감;오늘밤푹쉬고에너지충전응원,2,evening,2,6acb84e0-1e43-74c9-c2c1-2e9b69b7759b,LOW,일요일 밤 월요병 및 등교 전 정서를 이분법 없이 부드럽게 수용하는 Gate 질문,NEW_QUESTION
초3~4,sun,MEAL_AND_TASTE,FOOD_TODAY,오늘 일요일 저녁은 가족들이랑 다 같이 모여서 맛있는 밥 먹었어?,GATE,어떤메뉴먹었는지;가족들과식사하며나눈이야기;맛있었던반찬,오늘가장맛있었던간식질문;편안한저녁시간이야기,2,evening,2,2f8d8c94-2b80-d63f-f3d4-8fe7db043265,LOW,일요일 저녁 가족 식사 및 따뜻한 식탁 대화 경험을 묻는 질문,NEW_QUESTION
초3~4,sun,PEER_CONNECTION,FRIEND_PLAY,주말 동안 친구한테 문자나 전화해서 재미있게 수다 떨었어?,GATE,어떤친구와무슨이야기나눴는지;공유한재미있는소식,내일학교에서만나서하고싶은이야기확인;가족시간공감,3,evening,2,098f6377-7be1-58a9-ef08-e71d44be44f9,LOW,주말 동안 비대면(메신저/통화)으로 이어진 또래 소통을 확인하는 질문,NEW_QUESTION
초3~4,sun,PHYSICAL_STATE,MOOD_TODAY,오늘 낮에 낮잠을 자거나 소파에서 뒹굴거리면서 에너지 충전했어?,GATE,푹쉬어서충전된기분공감;편안했던휴식시간나누기,오늘활발하게활동한이야기듣기;신났던순간확인,3,afternoon,2,2e51ecb9-1b18-208d-0f1b-7a59540c8a42,LOW,일요일 오후의 여유로운 실내 충전과 신체 이완을 묻는 질문,NEW_QUESTION
초3~4,sun,INTEREST_AND_PREFERENCE,RAPPORT_INTEREST,이번 주말 동안 새로 산 물건이나 선물 받은 게 있어?,GATE,어떤물건인지;마음에드는이유;어디에쓸계획인지,요즘제일아끼는물건이나보물이야기질문,3,evening,2,,LOW,주말 쇼핑이나 선물 획득 등 초3~4 아이들의 물질적/취향 관심사 공유 질문,NEW_QUESTION
초3~4,sun,DAILY_LIFE,WEEKEND_EXPECTATION,다음 주에 학교나 학원에서 특별히 기다려지는 날이나 재미있는 활동이 있어?,GATE,어떤수업/활동/행사인지;기대하는이유;준비하고있는것,평온하고무탈한한주응원;내일친구와의만남기대,3,evening,2,d9d362b2-1b84-2b8a-0f2e-136a8d110e61,LOW,일요일 저녁 다음 주를 긍정적으로 조망하고 기대감을 품게 돕는 질문,NEW_QUESTION
초3~4,sun,ACHIEVEMENT,ACHIEVEMENT,이번 주말에 스스로 해보고 싶었던 계획이나 목표를 잘 해냈어?,GATE,해낸목표칭찬;스스로느낀뿌듯함;어떻게해냈는지과정듣기,편하게쉰자체로좋은주말이었음격려;다음주말계획응원,3,evening,2,31036b3d-5c6b-e9be-5747-31f3853ff597,LOW,주말 자기주도적 활동 및 목표 성취감을 되짚어보는 질문,NEW_QUESTION
초3~4,sun,PHYSICAL_STATE,MOOD_TODAY,일요일 밤인데 잠들기 전에 듣고 싶은 음악이나 생각나는 편안한 소리가 있어?,GATE,어떤음악/소리인지;차분하고편안한수면유도;따뜻한밤인사,푹자고좋은꿈꾸도록포근한밤인사전달,3,evening,1,824b51a7-18af-5028-d191-91fe3a50dc55,LOW,일요일 취침 전 심리적 안정과 숙면을 돕는 정서 완충 질문,NEW_QUESTION
초3~4,sun,EMOTIONAL_EXPERIENCE,MOOD_TODAY,일요일 밤이 되니까 주말이 끝나서 아쉬운 마음이 조금 들어?,GATE,주말끝나는아쉬움충분히공감;이번주말즐거웠던기억회상;다음주말응원,담담하게새로운한주맞이하는의젓함칭찬;내일하루응원,2,evening,2,60d5de8f-b4e0-2c8a-dfc5-b310f7bceb89,LOW,주말 끝자락의 솔직한 아쉬움을 편안하게 털어놓고 공감받는 정서 케어 질문,NEW_QUESTION
초3~4,sun,EMOTIONAL_EXPERIENCE,WEEKEND_HIGHLIGHT,이번 주 통틀어 제일 좋았던 일은 뭐야?,OPEN,,,3,evening,2,14884138-6c25-a395-cefc-215a71903bb5,LOW,일요일 주간 긍정 정서 총결산용으로 기존 승인 자산 유지,REUSE_EXISTING
초3~4,sun,DAILY_LIFE,WEEKEND_EXPECTATION,다음 주에 제일 기대되는 건 뭐야?,OPEN,,,3,evening,2,006380c7-b7fd-3271-15d9-0937e569b19b,LOW,일요일 다음 주 목표 및 기대 형성용으로 기존 승인 자산 유지,REUSE_EXISTING
초3~4,sun,MOOD_CHECK,MOOD_TODAY,"이번 주 마음 날씨는 맑음, 구름, 비, 천둥 중 뭐가 제일 많았어?",OPEN,,,3,evening,2,318abdea-a557-7612-e4e9-b73c8863ac50,LOW,일요일 주간 감정 날씨 회고용으로 기존 승인 자산 유지,REUSE_EXISTING
초3~4,sun,PHYSICAL_STATE,WEEKEND_HIGHLIGHT,이번 주에는 언제 가장 신나게 움직였어?,OPEN,,,3,afternoon,2,aa667e52-9ab0-c0e4-75f0-ff2e2f7dd0e1,LOW,일요일 주간 신체활동 회고용으로 기존 승인 자산 유지,REUSE_EXISTING
초3~4,sun,EMOTIONAL_EXPERIENCE,MOOD_TODAY,다음 주의 너에게 응원해주고 싶은 말이 있어?,OPEN,,,3,evening,2,b50491f0-4dd3-9e61-af7a-33299b9f2178,LOW,일요일 자기 격려 및 회복탄력성 강화용으로 기존 승인 자산 유지,REUSE_EXISTING
초3~4,sun,EMOTIONAL_EXPERIENCE,SCHOOL_HIGHLIGHT,내일 기대되는 일이 있어?,GATE,어떤일이기대되는지;내일일정공감;기분좋은잠자리응원,평온한하루응원;오늘밤푹쉬기권유,2,evening,1,1cda5ddf-a5f0-b1cd-cd2f-b9b91433a069,LOW,일요일 등교 전날 긍정 기대감 확인용으로 기존 승인 자산 유지,REUSE_EXISTING
초3~4,thu,PHYSICAL_STATE,PHYSICAL_FATIGUE,"이번 주도 거의 다 지나갔는데, 오늘 몸이 좀 무겁거나 지치진 않았어?",GATE,힘들었던순간공감;푹쉬는방법제안;따뜻한격려,활기찬에너지칭찬;오늘재미있던활동질문,2,afternoon,2,,LOW,목요일 주 후반 피로감과 에너지 상태를 공감하고 회복을 돕는 질문,NEW_QUESTION
초3~4,thu,DAILY_LIFE,WEEKEND_EXPECTATION,"내일이면 드디어 금요일인데, 이번 주말에 꼭 하고 싶은 일이나 기대되는 게 있어?",GATE,주말기대활동확인;누구와함께하는지;기대이유공감,집에서편하게쉬기;가벼운놀이추천,3,evening,2,,LOW,목요일에 주말을 미리 기대하며 긍정적인 기대감을 형성하는 질문,NEW_QUESTION
초3~4,thu,DAILY_LIFE,AFTER_SCHOOL_ACTIVITY,내일 학교 끝나고 나서 제일 먼저 하고 싶은 게 있어?,GATE,하고싶은일구체화;친구약속여부;기분공감,집에서편안한시간보내기;좋아하는간식먹기,3,evening,1,1a003f54-c393-88a4-f6f0-fd8981b3a82c,LOW,목요일 저녁에 금요일 하교 후 계획을 상상하며 기대감을 높이는 질문,NEW_QUESTION
초3~4,thu,SCHOOL_EXPERIENCE,CLASSROOM_EXPERIENCE,오늘 학교에서 모둠 활동이나 짝꿍이랑 같이 해결한 과제가 있었어?,GATE,모둠과제내용;친구와의역할분담;해낸기분확인,혼자집중했던수업확인;개인활동감상,3,afternoon,2,,LOW,초3~4 학년의 대표적 협력 학습(모둠/짝꿍 활동) 맥락 질문,NEW_QUESTION
초3~4,thu,SCHOOL_EXPERIENCE,SCHOOL_HIGHLIGHT,오늘 학교 체육 시간이나 쉬는 시간에 땀 흘리며 신나게 뛰어놀았어?,GATE,어떤놀이나운동했는지;누구랑뛰었는지;기분확인,실내에서조용히보낸활동;그림그리기나보드게임확인,2,afternoon,2,6ab000ec-5ce6-8a6f-9807-9bd300fd7c93,LOW,초3~4 학년의 학교 신체활동 및 체육/놀이 경험을 구체적으로 확인하는 질문,NEW_QUESTION
초3~4,thu,MEAL_AND_TASTE,FOOD_TODAY,오늘 학교 급식이나 방과후 간식 중에 특별히 마음에 들었던 메뉴가 있어?,GATE,맛있었던메뉴이름;친구들반응;좋아하는이유,오늘저녁메뉴확인;좋아하는음식이야기,3,afternoon,1,28c6161d-ecc2-a57b-456a-ac63cf1c49aa,LOW,학교 급식/간식이라는 일상적 학교 맥락을 Gate형으로 묻는 질문,NEW_QUESTION
초3~4,thu,DAILY_LIFE,ACADEMY_TODAY,오늘 학원이나 방과후 수업 가기 전에 친구랑 잠깐이라도 이야기 나누거나 간식 먹었어?,GATE,어떤간식먹었는지;친구와무슨이야기했는지;즐거웠던순간,곧바로학원이동했는지;혼자시간보냈는지,3,afternoon,2,,LOW,하교 후 학원 이동 사이 초등 중학년의 일상 틈새 생활맥락 질문,NEW_QUESTION
초3~4,thu,DAILY_HIGHLIGHT,WEEKLY_FUN_MOMENT,이번 주 동안 학교나 집에서 가장 웃겼거나 재미있었던 순간이 떠오르는 게 있어?,GATE,웃겼던상황이야기;친구들반응;어떤점이재밌었는지,평온했던순간확인;오늘기분점검,3,evening,2,167c19f1-1bb2-7326-6c5a-d81579ee181a,LOW,목요일 시점에서 한 주의 재미있던 해프닝을 회상하는 긍정 정서 질문,NEW_QUESTION
초3~4,thu,SCHOOL_EXPERIENCE,SCHOOL_HIGHLIGHT,오늘 쉬는 시간에는 주로 뭐 했어?,OPEN,,,3,afternoon,2,670a455e-8668-4835-c3b1-c38f8688a5be,LOW,목요일 학교 일상(쉬는 시간 활동) 대화용으로 weekday_affinity에 thu 추가 필요,REUSE_EXISTING
초3~4,thu,SCHOOL_EXPERIENCE,ACADEMY_TODAY,오늘 학원이나 방과후 활동에서 제일 기억나는 건 뭐야?,OPEN,,,3,evening,2,18790aeb-d904-57df-f6eb-e828be15fe30,LOW,목요일 방과후/학원 루틴 질문으로 weekday_affinity에 thu 추가 필요,REUSE_EXISTING
초3~4,thu,TEACHER_RELATIONSHIP,CLASSROOM_EXPERIENCE,오늘 선생님이 한 말 중에 기억나는 게 있어?,GATE,어떤말씀이었는지;선생님말씀들은느낌;수업관련내용,오늘친구들과나눈이야기;기억나는수업내용,3,afternoon,1,562842ba-cae6-fcb3-4dd8-151c7870eb89,LOW,목요일 학교 수업 및 선생님과의 소통 확인용으로 weekday_affinity에 thu 추가 필요,REUSE_EXISTING
초3~4,thu,PEER_CONNECTION,FRIEND_PLAY,오늘 친구랑 같이 해서 재미있었던 일이 있었어?,GATE,함께한놀이종류;어떤친구와함께했는지;즐거웠던이유,혼자보낸즐거운시간;내일친구와하고싶은것,3,afternoon,2,098f6377-7be1-58a9-ef08-e71d44be44f9,LOW,목요일 또래 교우관계 및 놀이 확인용으로 weekday_affinity에 thu 추가 필요,REUSE_EXISTING
초3~4,thu,PEER_CONNECTION,FRIEND_PLAY,오늘 새롭게 이야기해 본 친구가 있었어?,GATE,어떤친구였는지;무슨이야기나눴는지;친해진기분,자주놀던친구와의시간;내일이야기해보고싶은친구,3,afternoon,2,3cdb375e-146e-72d1-322d-8a28fc22e4cf,LOW,주 후반 새로운 친구 소통 확장 확인용으로 weekday_affinity에 thu 추가 필요,REUSE_EXISTING
초3~4,thu,PHYSICAL_STATE,MOOD_TODAY,"오늘 몸은 괜찮았어, 조금 피곤했어?",GATE,피곤한이유듣기;편안한휴식응원;수면안내,가벼운몸상태칭찬;활기찬저녁시간이야기,1,evening,2,036d4863-dbb9-9878-3e5d-cc220c9bd7a2,LOW,목요일 주 후반 신체 피로도 점검에 최적이므로 weekday_affinity에 thu 추가 필요,REUSE_EXISTING
초3~4,thu,PHYSICAL_STATE,MOOD_TODAY,오늘 쉬고 싶다고 느낀 때가 있었어?,GATE,휴식이필요했던순간공감;지금원하는휴식방법,에너지넘쳤던순간공유;즐거웠던활동질문,1,evening,2,2e51ecb9-1b18-208d-0f1b-7a59540c8a42,LOW,목요일 피로 및 휴식 욕구 파악용으로 weekday_affinity에 thu 추가 필요,REUSE_EXISTING
초3~4,thu,LEARNING_AND_STUDY,SCHOOL_HIGHLIGHT,오늘 수업 중에 조금 어려웠던 게 있었어? 없으면 넘어가도 돼.,GATE,어떤과목어떤부분인지;어려웠던점경청및격려,자신있게잘따라간점칭찬;수업중재밌었던부분질문,3,afternoon,1,bef63cf7-8c1a-9cd5-4d52-e39384fed5de,LOW,목요일 주요 교과 학습 부담감 확인용으로 weekday_affinity에 thu 추가 필요,REUSE_EXISTING
초3~4,thu,LEARNING_AND_STUDY,SCHOOL_HIGHLIGHT,오늘 숙제나 준비물 때문에 기억나는 일이 있었어?,GATE,어떤숙제/준비물이었는지;해결과정확인,준비잘한점칭찬;수업시간에즐거웠던일질문,3,afternoon,1,a435f6b6-d7c7-fc3e-6aee-752321842656,LOW,목요일 과제 및 학교 준비 상태 점검용으로 weekday_affinity에 thu 추가 필요,REUSE_EXISTING
초3~4,thu,MEAL_AND_TASTE,FOOD_TODAY,오늘 먹은 것 중에 제일 맛있었던 건 뭐야?,OPEN,,,2,evening,1,28c6161d-ecc2-a57b-456a-ac63cf1c49aa,LOW,목요일 점심 급식/간식 라포 형성용으로 weekday_affinity에 thu 추가 필요,REUSE_EXISTING
초3~4,fri,EMOTIONAL_EXPERIENCE,WEEKEND_EXPECTATION,오늘 학교 끝났을 때 '드디어 주말이다!' 하고 신나는 기분이 들었어?,GATE,해방감공감;주말에제일하고싶은것;신나는기분나누기,이번주아쉬웠던점확인;평온한마음점검,3,afternoon,2,,LOW,금요일 하교 시의 해방감과 주말 시작 정서를 확인하는 질문,NEW_QUESTION
초3~4,fri,PEER_CONNECTION,FRIEND_PLAY,오늘 학교 끝나고 친구들이랑 밖에서 놀거나 떡볶이 같은 맛있는 간식 사 먹었어?,GATE,어떤간식먹었는지;친구와어디서놀았는지;즐거웠던순간,집에곧바로왔는지;가족과의저녁계획확인,3,afternoon,2,,LOW,금요일 방과후 친구와의 놀이/간식 생활맥락 질문,NEW_QUESTION
초3~4,fri,DAILY_LIFE,OUTING_TODAY,이번 주말에 가족이나 친구랑 나들이 가거나 외출하는 계획이 있어?,GATE,어디로가는지;누구와함께가는지;기대되는점,집에서보내는휴식계획;좋아하는취미활동확인,3,evening,2,,LOW,금요일 주말 외출/나들이 계획을 확인하는 생활맥락 질문,NEW_QUESTION
초3~4,fri,DIGITAL_CONTENT,GAME_TODAY,이번 주말에 마음껏 해보고 싶은 게임이나 보고 싶었던 영상이 있어?,GATE,어떤게임이나영상인지;기대하는이유;누구와함께하는지,만들기나운동등다른취미확인;편하게쉬는계획,3,evening,2,4fdbfa80-6b05-2a3a-da08-504156479955,LOW,금요일 저녁 아이들이 가장 기대하는 주말 디지털 여가 계획 질문,NEW_QUESTION
초3~4,fri,PHYSICAL_STATE,WEEKEND_EXPECTATION,내일 토요일 아침에 늦잠 자거나 이불 속에서 뒹굴거릴 계획이야?,GATE,주말휴식공감;몇시까지푹잘것인지;여유로운아침기대,아침일찍활동계획확인;주말오전일정확인,3,evening,2,,LOW,금요일 저녁 주말 아침의 여유와 휴식에 대한 초등학생의 기대감 공감 질문,NEW_QUESTION
초3~4,fri,MEAL_AND_TASTE,FOOD_TODAY,오늘 금요일 저녁으로 가족들이랑 맛있는 걸 먹거나 외식하기로 했어?,GATE,어떤특별한메뉴인지;가장좋아하는음식;저녁시간기분,집밥메뉴확인;오늘가장맛있었던간식질문,3,evening,2,,LOW,금요일 저녁 가족 식사 및 특별 메뉴에 대한 일상 소통 질문,NEW_QUESTION
초3~4,fri,DAILY_HIGHLIGHT,WEEKLY_FUN_MOMENT,이번 주에 학교나 학원에서 친구들이랑 배꼽 잡고 웃었던 재미있는 일 있었어?,GATE,어떤상황이었는지;친구들반응;다시생각해도웃긴이유,조용하고기분좋았던순간;이번주소소한기쁨확인,3,evening,2,,LOW,금요일에 한 주간의 유머러스하고 재미있는 에피소드를 나누는 질문,NEW_QUESTION
초3~4,fri,HOBBY_AND_CREATION,RAPPORT_INTEREST,"이번 주말에 레고나 만들기, 그림 그리기처럼 뭔가 푹 빠져서 만들고 싶은 게 있어?",GATE,무엇을만들계획인지;재료나주제;완성후기대감,운동이나책읽기등다른취미확인;자유로운놀이,3,evening,2,,LOW,초3~4 창작/취미 활동에 대한 주말 계획 질문,NEW_QUESTION
초3~4,fri,ACHIEVEMENT,ACHIEVEMENT,이번 주에 세웠던 목표나 꼭 하고 싶었던 일 중에 멋지게 성공한 게 있어?,GATE,어떤목표를해냈는지;노력한과정칭찬;스스로느낀뿌듯함,노력한자체격려;다음주에도전하고싶은일,3,evening,2,bc945171-8b17-b66c-7b7b-c200ab1a9722,LOW,금요일 주간 성취를 주도적 목표 달성 관점에서 칭찬하는 Gate 질문,NEW_QUESTION
초3~4,fri,PEER_CONNECTION,FRIEND_PLAY,이번 주말에 친구를 집에 초대하거나 친구 집에 놀러 가기로 약속한 거 있어?,GATE,어떤친구와만나는지;무슨놀이할계획인지;기대되는점,가족과의시간이나혼자놀이확인;자유시간계획,3,evening,2,,LOW,초3~4 주말 친구 방문/플레이데이트 계획 확인 질문,NEW_QUESTION
초3~4,fri,ACHIEVEMENT,ACHIEVEMENT,이번 주 월요일부터 오늘까지 열심히 보낸 스스로에게 점수를 준다면 100점 만점에 몇 점 주고 싶어?,OPEN,,,3,evening,2,,LOW,금요일 한 주 전체를 스스로 평가하며 자기효능감을 느끼게 하는 열린 회고 질문,NEW_QUESTION
초3~4,fri,ACHIEVEMENT,ACHIEVEMENT,이번 주에 네가 가장 잘했다고 느낀 일은 뭐야?,OPEN,,,3,evening,2,2ca1c78b-7004-2d9a-2a81-155f0de210c6,LOW,금요일 주간 성취 회고용 대표 질문으로 기존 유지,REUSE_EXISTING
초3~4,fri,ACHIEVEMENT,ACHIEVEMENT,오늘 스스로에게 잘했다고 말해주고 싶은 건 뭐야?,OPEN,,,3,evening,2,2494611a-1ff1-b345-c4d6-9a8445c60fe3,LOW,금요일 한 주 마무리 자기격려 질문으로 기존 유지,REUSE_EXISTING
초3~4,fri,PEER_CONNECTION,FRIEND_PLAY,이번 주 친구와 있었던 일 중 마음에 남는 게 있어?,GATE,어떤친구와무슨일이있었는지;마음에남은이유;친구에게전하고싶은말,평온했던친구관계확인;주말친구약속여부,3,afternoon,2,63ce573f-18c5-24fc-0049-0edd8e9ca0f5,LOW,금요일 주간 친구 관계 회고에 최적이므로 weekday_affinity에 fri 추가 필요,REUSE_EXISTING
초3~4,fri,DIGITAL_CONTENT,GAME_TODAY,이번 주에 새로 재미있게 본 영상이나 게임이 있어?,GATE,어떤영상/게임인지;재미있었던장면;추천하고싶은이유,기존에좋아하던게임이야기;다른취미활동확인,3,evening,2,4fdbfa80-6b05-2a3a-da08-504156479955,LOW,금요일 주말 디지털 콘텐츠 계획/관심사 파악용으로 weekday_affinity에 fri 추가 필요,REUSE_EXISTING
초3~4,fri,DAILY_HIGHLIGHT,SCHOOL_HIGHLIGHT,오늘 하루 중에 제일 재밌었던 순간이 언제야?,OPEN,,,2,evening,2,0931af3d-4cc2-41ea-a080-254fe7645d7e,LOW,금요일 하이라이트 파악용으로 weekday_affinity에 fri 추가 필요,REUSE_EXISTING
초3~4,fri,DAILY_LIFE,MOOD_TODAY,오늘 가장 많이 웃은 때는 언제였어?,OPEN,,,2,evening,2,26e8f4ca-341f-9c09-64dc-ba766f62bb44,LOW,금요일 긍정 정서 및 웃음 회상 질문으로 weekday_affinity에 fri 추가 필요,REUSE_EXISTING
초3~4,fri,DIGITAL_CONTENT,GAME_TODAY,친구에게 추천하고 싶은 게임이나 영상이 있어?,GATE,어떤게임/영상인지;추천하는이유;친구랑같이하고싶은지,요즘혼자즐기는취미확인;주말에해보고싶은놀이,3,evening,2,731fee20-ff12-803c-b994-6283b11f2322,LOW,금요일 친구와의 놀이/디지털 추천 공유용으로 weekday_affinity에 fri 추가 필요,REUSE_EXISTING
초5~6,sat,FAMILY_RELATIONSHIP,OUTING_TODAY,오늘 가족과 함께해서 좋았던 일이 있었어?,GATE,가족과 함께한 활동 내용;즐거웠던 순간;느낀 감정 공유,혼자 보낸 편안한 시간이나 친구와의 활동으로 전환,14,evening,2,0e1108f7-631b-9667-8218-30bdc0a3cbc6;21f9060b-b5df-e156-1f00-fc46943981a1,LOW,기존 토요일 승인 질문 유지 (토요일 가족 유대 및 긍정 경험 확인),REUSE_EXISTING
초5~6,sat,FAMILY_RELATIONSHIP,MOOD_TODAY,오늘 가족에게 말하고 싶은 일이 있어?,GATE,전하고 싶은 이야기 경청;가족과의 소통 지지;말하고 싶은 이유,자신만의 생각이나 일상 이야기로 자연스럽게 전환,14,evening,2,286d2283-6f2e-8368-3b7b-8b52d26d9e44;89bc1f0b-0a81-0bf8-a622-ceb6c016d208,LOW,기존 토요일 승인 질문 유지 (주말 가족 간 의사소통 욕구 확인),REUSE_EXISTING
초5~6,sat,FAMILY_RELATIONSHIP,WEEKEND_HIGHLIGHT,이번 주 가족과 함께한 시간 중 좋았던 순간이 있어?,GATE,가족과의 특별한 순간 확인;함께한 식사/대화/나들이;기분 공유,개인적인 자유시간이나 친구들과 보낸 시간으로 전환,14,evening,2,41ada335-0e3b-47d2-a35e-86fea458492a;fc164f91-5dbd-eca1-223f-6c1f98811687,LOW,기존 토요일 승인 질문 유지 (주간 가족 관계 하이라이트 회고),REUSE_EXISTING
초5~6,sat,FAMILY_RELATIONSHIP,MOOD_TODAY,오늘 가족이 네 이야기를 잘 들어줬다고 느꼈어?,GATE,이해받은 느낌 공감;나눈 이야기 내용;마음의 안정감 지지,언제든 케이에게 편하게 이야기해도 된다는 지지적 메시지 전달,14,evening,2,55b0407c-91e7-c648-07eb-c9233732b15e;99f51e25-aba2-3d4d-622e-a07d50e6cf06,LOW,기존 토요일 승인 질문 유지 (가정 내 정서적 수용감 및 경청 경험 점검),REUSE_EXISTING
초5~6,sat,FAMILY_RELATIONSHIP,WEEKEND_EXPECTATION,내일 가족과 같이 하고 싶은 게 있어?,GATE,일요일 가족 활동 계획 확인;외식/나들이/놀이 기대감 공유,혼자만의 자유로운 휴식이나 친구와의 약속 계획으로 전환,14,evening,1,5c9af19e-b037-0855-ab61-7899e8a48ea6;d1220c7e-9586-2767-786e-1e3ff45c58d1,LOW,기존 토요일 승인 질문 유지 (토요일 저녁 일요일 가족 일정 기대감 확인),REUSE_EXISTING
초5~6,"sat,wed",DIGITAL_CONTENT,GAME_TODAY,요즘 재미있게 보는 영상이나 자주 하는 게임이 있어?,GATE,게임/영상 콘텐츠 확인;재미있는 포인트;플레이 스타일 파악,야외 놀이나 다른 취미 활동으로 자연스럽게 전환,7,afternoon,1,e06c8ea7-7747-d96f-6cb4-7a3f87563123;35c80715-fd8d-beb5-7064-284906d7a36c,LOW,기존 wed 전용 문항의 weekday_affinity에 sat 추가 필요 (토요일 디지털 여가 관심사 파악),REUSE_EXISTING
초5~6,"sat,wed",DIGITAL_CONTENT,GAME_TODAY,친구에게 추천하고 싶은 영상이나 게임이 있어?,GATE,추천 콘텐츠 확인;추천하는 이유;친구의 반응 기대,나 혼자 조용히 즐기는 최애 콘텐츠나 음악으로 전환,14,afternoon,2,bf71fb45-72dd-223d-ba24-0b88ed672b49;731fee20-ff12-803c-b994-6283b11f2322,LOW,기존 wed 전용 문항의 weekday_affinity에 sat 추가 필요 (토요일 또래 디지털 문화 공유),REUSE_EXISTING
초5~6,"sat,sun",MEAL_AND_TASTE,FOOD_TODAY,오늘 먹은 것 중에 제일 맛있었던 건 뭐야?,OPEN,음식 메뉴 확인;누구와 함께 먹었는지;맛있었던 이유,다음에 먹고 싶은 음식이나 좋아하는 간식 이야기로 전환,7,evening,1,6ec2e80d-adac-4b74-21dc-0cf586a3b4c6;d2bc4212-56ee-5cd1-b11b-5a7205bce83b,LOW,기존 요일 미지정 문항의 weekday_affinity에 sat 추가 필요 (주말 맛있는 음식/특식 일상 탐색),REUSE_EXISTING
초5~6,"sat,sun",DAILY_LIFE,RAPPORT_INTEREST,오늘 조용히 쉬었던 순간은 언제였어?,OPEN,휴식 장소 및 시간;쉬면서 한 일(누워있기/음악/멍때리기);편안함 공감,하루 종일 활기차게 보낸 신나는 활동 이야기로 전환,7,evening,1,6ed0ee4e-4cb3-54c7-ff6b-035171836126;7e3efa20-c28a-7331-1232-70896391debc,LOW,기존 요일 미지정 문항의 weekday_affinity에 sat 추가 필요 (토요일 여유로운 쉼 맥락 포착),REUSE_EXISTING
초5~6,"sat,fri",DAILY_LIFE,RAPPORT_INTEREST,지금 제일 하고 싶은 게 뭐야?,OPEN,원하는 활동 탐색;토요일 자유시간 계획 지지;개인 취향 확인,편안하게 쉴 수 있는 방법이나 가벼운 놀이 제안,7,afternoon,1,c4415254-da55-4b66-8dbe-b877774f3e92,LOW,기존 요일 미지정 문항의 weekday_affinity에 sat 추가 필요 (토요일 오후 즉각적 욕구 및 자율성 탐색),REUSE_EXISTING
초5~6,sat,DIGITAL_CONTENT,GAME_TODAY,오늘 친구들이랑 온라인에서 게임하거나 같이 플레이한 거 있어?,GATE,게임 종목 확인;함께한 친구;승리/협동 등 재미있었던 순간,"혼자 즐긴 게임이나 재미있게 본 영상, 다른 취미 활동으로 전환",7,afternoon,2,,LOW,초5~6의 대표적인 토요일 여가인 온라인 멀티플레이/친구 게임 교류 포착 (Gate형),NEW_QUESTION
초5~6,sat,DIGITAL_CONTENT,VIDEO_TODAY,"오늘 유튜브나 OTT, 웹툰 중에서 시간 가는 줄 모르고 본 거 있어?",GATE,채널/작품명 확인;인상 깊었던 장면;추천 포인트 공유,"야외 활동, 독서, 만들기 등 다른 놀이나 휴식으로 전환",7,afternoon,2,,LOW,토요일 미디어/웹툰 몰입 시청 생활 맥락 질문 (Gate형),NEW_QUESTION
초5~6,sat,DAILY_LIFE,OUTING_TODAY,오늘 집 밖으로 나가서 동네 한 바퀴 돌거나 어디 놀러 다녀왔어?,GATE,외출 장소 및 목적;동행인(친구/가족);즐거웠던 에피소드,집에서 편안하게 보낸 집콕 힐링 시간으로 자연스럽게 전환,7,afternoon,2,,LOW,토요일 야외 외출 및 동네 활동 맥락 확인 (Gate형),NEW_QUESTION
초5~6,sat,PEER_CONNECTION,FRIEND_PLAY,"오늘 친구 만나서 놀거나 카톡, 전화로 수다 떤 일 있어?",GATE,만난/연락한 친구;대화 주제 및 놀이 내용;나눈 기분,가족과 보낸 시간이나 혼자만의 여유로운 휴식으로 전환,7,afternoon,2,,LOW,토요일 또래 사적 만남 및 SNS/메신저 소통 맥락 포착 (Gate형),NEW_QUESTION
초5~6,sat,DAILY_LIFE,MOOD_TODAY,오늘 토요일 아침에 늦잠 푹 자고 여유롭게 일어났어?,GATE,늦잠 후 개운함 공감;여유로운 주말 아침 기분 지지,아침 일찍 일어나서 시작한 알찬 하루 활동 확인,14,morning,1,,LOW,주말 특유의 늦잠/여유로운 기상 패턴에 대한 공감형 질문 (Gate형),NEW_QUESTION
초5~6,sat,MEAL_AND_TASTE,FOOD_TODAY,오늘 주말 맞아서 맛있는 배달음식이나 특별한 외식 먹었어?,GATE,메뉴 확인;누구와 먹었는지;가장 맛있었던 점,집밥이나 평소 좋아하는 최애 간식 이야기로 전환,7,evening,1,,LOW,토요일 특식/외식/배달음식 기대감 및 미식 경험 공유 (Gate형),NEW_QUESTION
초5~6,sat,SCHOOL_EXPERIENCE,ACADEMY_TODAY,오늘 주말인데 학원 가거나 숙제하느라 바빴어? 없으면 푹 쉬었겠네!,GATE,학원/과제 과목 파악;수고 공감;끝난 후의 해방감 격려,주말 자유시간 만끽 지지 및 여유로운 휴식 즐기기 권유,7,evening,2,,LOW,고학년의 주말 학원/보충학습 부담을 사실가정 없이 배려하는 질문 (Gate형),NEW_QUESTION
초5~6,sat,HOBBY_AND_CREATION,RAPPORT_INTEREST,오늘 나 혼자만의 취미나 좋아하는 거에 푹 빠져본 시간 있어?,GATE,취미 활동 내용(그림/만들기/악기/음악/독서 등);몰입한 순간;느낀 즐거움,친구/가족과 함께한 시간이나 편안하게 쉰 휴식으로 전환,14,evening,2,,LOW,초5~6의 자율적 몰입 경험 및 개인 취향 탐색 (Gate형),NEW_QUESTION
초5~6,sun,EMOTIONAL_EXPERIENCE,WEEKEND_HIGHLIGHT,이번 주 통틀어 제일 좋았던 일은 뭐야?,OPEN,주간 최고 순간 구체화;그때의 감정 공유;기억에 남는 이유,평온했던 시간이나 다음 주에 기대하는 일로 전환,14,evening,2,18e80d91-81ac-7dea-54cc-1cb7c5274b84;edfc5408-f0eb-b058-ec99-e2ffd113009b,LOW,기존 일요일 승인 질문 유지 (주간 최고 긍정 경험 결산),REUSE_EXISTING
초5~6,sun,EMOTIONAL_EXPERIENCE,MOOD_TODAY,이번 주 마음을 한 단어로 표현하면 어떤 말이 떠올라?,OPEN,단어 선택 이유 경청;그 감정이 들었던 순간 탐색;메타인지 지지,다음 주 동안 느끼고 싶은 감정이나 편안한 상태로 전환,14,evening,2,32b08b68-f4b5-f32c-917e-6f5a2cae44e3;a3d93e9d-f6e6-146c-ff48-5744050f3d52,LOW,기존 일요일 승인 질문 유지 (한 주 정서 메타인지 및 요약),REUSE_EXISTING
초5~6,sun,DAILY_LIFE,MOOD_TODAY,다음 주의 너에게 응원 한마디를 해줄래?,OPEN,자기 응원 메시지 인정;다음 주 맞이하는 마음가짐 지지,케이가 대신 전하는 다정한 한 주 응원 메시지로 전환,14,evening,2,0916499e-83f6-9104-903f-d9a6fd01d6b3;a2683697-7064-0367-4fa7-3fe4066e4c09,LOW,기존 일요일 승인 질문 유지 (새로운 한 주를 향한 셀프 효능감 및 응원),REUSE_EXISTING
초5~6,sun,FUTURE_HOPE,WEEKEND_EXPECTATION,다음 주에 새로 해보고 싶은 게 있어?,GATE,해보고 싶은 활동/목표 구체화;기대하는 이유;응원과 격려,특별한 계획 없이 평온하고 여유롭게 보내기를 응원,14,evening,2,a1740b8c-d53d-c79a-3279-f28f3962b8e0;a231f12d-9342-e11b-56cb-1766190a1981;f6e63670-e595-da30-d63b-5a800688020e,LOW,기존 일요일 승인 질문 유지 (다음 주 활동 및 새로운 도전 기대감 탐색),REUSE_EXISTING
초5~6,sun,EMOTIONAL_EXPERIENCE,MOOD_TODAY,오늘 가장 편안했던 순간은 언제였어?,OPEN,편안했던 장소와 상황;쉬면서 느낀 기분;편안함 지속 지지,지금부터 잠들기 전까지 마음 편히 쉴 수 있도록 격려,7,evening,1,4a8aeac5-58e6-cf88-6707-2671b0b3b57c;77bdeb5d-405a-1921-7057-27ebaa5f4766,LOW,기존 일요일 승인 질문 유지 (일요일 쉼과 이완 상태 점검),REUSE_EXISTING
초5~6,sun,EMOTIONAL_EXPERIENCE,MOOD_TODAY,이번 주에 힘들거나 신경 쓰였던 일이 있었어? 없으면 넘어가도 돼.,GATE,힘들었던 상황 경청;감정 환기 및 공감;짐 덜어주기,별 탈 없이 한 주를 잘 보낸 대견함 칭찬으로 전환,14,evening,2,58201e34-a8e2-c283-5baa-b6af262f7580;c854402c-fc6d-f76b-ed70-001b00d67967,LOW,기존 일요일 승인 질문 유지 (주간 스트레스 털어내기 및 안전한 경청),REUSE_EXISTING
초5~6,sun,DAILY_HIGHLIGHT,WEEKEND_HIGHLIGHT,오늘 하루에서 하나만 기억한다면 어떤 순간을 고를래?,OPEN,선택한 순간 구체화;그 순간이 소중했던 이유;기억 나누기,하루를 차분하게 돌아보며 푹 쉴 준비 권유,14,evening,2,57736296-03b3-fa13-fb6c-f8a8120e7289;c011d0aa-db3d-6fc6-a9f5-71c52bdd30bd,LOW,기존 일요일 승인 질문 유지 (일요일 하루 최고의 하이라이트 포착),REUSE_EXISTING
초5~6,"sun,mon",DAILY_LIFE,RAPPORT_INTEREST,내일 아침에 일어나면 제일 먼저 하고 싶은 건 뭐야?,OPEN,아침 루틴/희망 활동 확인;기분 좋은 월요일 아침 상상,개운하게 일어나는 꿀잠 비법 이야기로 전환,14,evening,1,1a003f54-c393-88a4-f6f0-fd8981b3a82c;4866428a-f591-4cb4-2873-30376cfd19a7,LOW,기존 요일 미지정 문항의 weekday_affinity에 sun 추가 필요 (일요일 밤 월요일 기상 루틴 긍정 연계),REUSE_EXISTING
초5~6,sun,DAILY_HIGHLIGHT,RAPPORT_INTEREST,오늘 집에서 네가 직접 선택한 일이 있었어?,GATE,선택한 활동(놀이/휴식/취미) 확인;스스로 결정한 만족감 지지,편안하게 가족과 함께한 일상으로 자연스럽게 전환,14,evening,2,0f7eb900-4cda-5514-2527-909299f858d7;1f03ba22-e7ee-a952-c1e6-eff9c931f7fd,LOW,기존 일요일 승인 질문 유지 (초등 고학년의 자율적 의사결정 및 주말 주도권 인정),REUSE_EXISTING
초5~6,sun,DAILY_HIGHLIGHT,WEEKEND_HIGHLIGHT,"이번 주말(토, 일) 통틀어서 제일 재미있었던 순간은 언제야?",OPEN,주말 최고 순간 확인;누구와 함께했는지;기억에 남는 디테일 공유,조용히 집에서 쉰 시간이나 다음 주말 기대감으로 전환,7,evening,2,,LOW,주말 2일(토/일) 전체를 아우르는 대표 주말 하이라이트 회고 질문,NEW_QUESTION
초5~6,sun,DAILY_LIFE,MOOD_TODAY,"주말 동안 알차게 잘 놀았다고 느껴져, 아니면 시간이 너무 순식간에 지나갔어?",GATE,시간 순삭/알참 이유 경청;주말 동안 한 활동 되짚기;주말 보낸 보람 공감,아쉬운 마음을 달래고 다음 주말에 하고 싶은 계획으로 전환,14,evening,2,,LOW,일요일 저녁 주말 체감 속도 및 만족도에 대한 아이들의 솔직한 감정 포착 (Gate형),NEW_QUESTION
초5~6,sun,DIGITAL_CONTENT,GAME_TODAY,일요일인 오늘 주말 마지막으로 친구랑 게임하거나 영상 챙겨본 거 있어?,GATE,게임/영상 콘텐츠 확인;달성한 목표나 재미있었던 장면;주말 마무리 플레이,다른 취미 활동이나 가족과 보낸 시간으로 자연스럽게 전환,7,evening,2,,LOW,일요일 디지털 여가 마무리 및 또래 게임/미디어 상호작용 점검 (Gate형),NEW_QUESTION
초5~6,sun,DAILY_LIFE,OUTING_TODAY,오늘 가족이나 친구랑 같이 밖에서 맛있는 거 먹거나 바람 쐬고 왔어?,GATE,외출 장소 및 식사 메뉴;함께한 사람;기분 전환된 순간,집에서 보낸 아늑하고 편안한 휴식으로 전환,7,evening,2,,LOW,일요일 가족/친구와의 외출 및 외식 생활 맥락 확인 (Gate형),NEW_QUESTION
초5~6,sun,PHYSICAL_STATE,MOOD_TODAY,이번 주말 동안 쉬면서 다음 주를 위한 체력 충전은 든든하게 됐어?,GATE,충전된 활력 인정;쌩쌩한 기분 지지;가벼운 발걸음 응원,남은 주말 피로 공감 및 오늘 밤 일찍 푹 자도록 격려,7,evening,1,,LOW,월요일 등교를 앞둔 신체 에너지 및 주말 피로 회복도 확인 (Gate형),NEW_QUESTION
초5~6,sun,DAILY_LIFE,SCHOOL_HIGHLIGHT,내일 학교 갈 준비(가방 챙기기나 숙제 확인)는 미리 끝내뒀어?,GATE,준비 마친 꼼꼼함 칭찬;홀가분하게 저녁 시간 즐기기 권유,자기 전에 천천히 챙기면 된다는 안심 메시지 전달,7,evening,1,,LOW,일요일 저녁 등교 준비 상태 점검 및 심리적 안정감 제공 (Gate형),NEW_QUESTION
초5~6,sun,EMOTIONAL_EXPERIENCE,MOOD_TODAY,내일 월요일이라고 생각하면 기분이 어때? 조금 아쉬운 마음이 들어?,GATE,월요병/주말 끝나는 아쉬움 깊은 공감;월요일 학교에서 기대되는 작은 즐거움 찾기,담담하게 새 한 주를 맞이하는 긍정적인 마음가짐 지지,14,evening,2,,LOW,일요일 밤 특유의 월요병 및 주말 종결 아쉬움을 사실가정 없이 공감 (Gate형),NEW_QUESTION
초5~6,sun,PEER_CONNECTION,FRIEND_PLAY,내일 학교 가면 제일 먼저 만나서 이야기 나누고 싶은 친구 있어?,GATE,만날 친구 이름;나누고 싶은 주말 이야기나 소식;친구와의 우정 지지,내일 수업이나 학교 일정 중 기다려지는 시간으로 전환,14,evening,2,,LOW,월요일 등교에 대한 긍정적 또래 동기 부여 및 관계 기대감 형성 (Gate형),NEW_QUESTION
초5~6,sun,DAILY_LIFE,RAPPORT_INTEREST,일요일 밤 자기 전에 오늘 꼭 하고 자고 싶은 나만의 힐링 타임이 있어?,GATE,취침 전 자유시간 활동(웹툰/음악/독서 등) 확인;편안한 마무리 지지,따뜻하게 이불 덮고 꿀잠 잘 수 있도록 다정한 취침 인사,7,evening,2,,LOW,일요일 밤 혼자만의 자유시간 및 정서적 마무리 루틴 탐색 (Gate형),NEW_QUESTION
초5~6,"thu,mon",SCHOOL_EXPERIENCE,ACADEMY_TODAY,오늘 학원이나 방과후 활동에서 제일 기억나는 건 뭐야?,OPEN,활동 내용 확인;인상 깊었던 점;친구/선생님과의 상호작용,오늘 학원/방과후 일정이 없었거나 특별한 일 없었으면 학교 이야기나 저녁 휴식으로 전환,7,evening,1,8b427879-9e7c-37d0-dd93-7b16e119a809;2e84ee30-1328-2b8f-c46a-13fd4e95c4f3,LOW,기존 mon 전용 문항의 weekday_affinity에 thu 추가 필요 (목요일 방과후/학원 루틴 반영),REUSE_EXISTING
초5~6,"thu,mon",SCHOOL_EXPERIENCE,ACADEMY_LEARNING,오늘 학원이나 방과후에서 잘됐다고 느낀 일이 있었어?,GATE,문제 해결 경험;칭찬받은 순간;새로 이해한 개념,어려웠거나 지루했던 점 공감 후 기분 환기,7,evening,2,4eb75238-fe9a-367b-166f-3c5f15850bc7,LOW,기존 mon 전용 문항의 weekday_affinity에 thu 추가 필요 (주 후반 학습 성취감 점검),REUSE_EXISTING
초5~6,"thu,mon",LEARNING_AND_STUDY,ACADEMY_TODAY,오늘 학원이나 방과후가 조금 부담스러웠어? 없으면 넘어가도 돼.,GATE,부담 원인 경청;숙제/진도 스트레스 공감;휴식 제안,가벼운 마음으로 저녁 시간 즐기도록 격려,14,evening,2,d4fb4629-bdde-12b9-4e12-fd9b87a173f7;03a281e3-7e8b-8c09-5444-d062aadbfc99,LOW,기존 mon 전용 문항의 weekday_affinity에 thu 추가 필요 (목요일 학습 피로도 완화),REUSE_EXISTING
초5~6,"thu,mon",LEARNING_AND_STUDY,ACADEMY_LEARNING,"이번 주 공부나 학원 양은 괜찮았어, 조금 많았어?",GATE,많다고 느낀 부분 파악;가장 벅찼던 과목;조절 희망 여부,스스로 조절 잘하고 있음을 지지,14,evening,2,8fa664ca-da77-2017-ca5e-faecf5ef0975;8c517faf-9a4a-7d78-f3c3-8d22943a55cc,LOW,기존 mon 전용 문항의 weekday_affinity에 thu 추가 필요 (주 후반 학습량 점검),REUSE_EXISTING
초5~6,"thu,wed",PHYSICAL_STATE,MOOD_TODAY,"오늘 몸은 괜찮았어, 조금 피곤했어?",GATE,피곤한 부위/이유 파악;목요일 피로 공감;충분한 수면/휴식 권유,에너지 넘쳤던 활동이나 신났던 순간 확인,7,evening,1,baa30834-023a-6d24-837d-5e7477837f98;19da2ec7-2ffa-d74a-b7ac-bce1f6b2ab15,LOW,기존 요일 미지정 문항의 weekday_affinity에 thu 추가 필요 (목요일 신체 피로 점검),REUSE_EXISTING
초5~6,"thu,wed",PHYSICAL_STATE,MOOD_TODAY,오늘 쉬고 싶다고 느낀 때가 있었어?,GATE,어떤 순간에 쉬고 싶었는지;지금 어떻게 쉬고 싶은지,오늘 하루 집중하거나 즐겁게 보낸 시간 확인,7,evening,1,292bb6d5-91a2-e52d-0aa2-f66177dc85fc;c25a17cc-4f77-9658-3748-8f4995756d4b,LOW,기존 요일 미지정 문항의 weekday_affinity에 thu 추가 필요 (목요일 번아웃 방지),REUSE_EXISTING
초5~6,"thu,mon",TEACHER_RELATIONSHIP,SCHOOL_HIGHLIGHT,오늘 선생님이 한 말 중에 기억나는 게 있어?,GATE,선생님 말씀 내용;인상 깊었던 이유;칭찬/조언 여부,친구들과의 대화나 수업 내용으로 전환,14,afternoon,1,8d36b370-5dfe-e843-95ac-57d2c3ed91cf;e1128ecf-2db4-5792-4a59-1671007fbc02,LOW,기존 mon 전용 문항의 weekday_affinity에 thu 추가 필요 (목요일 사제관계 확인),REUSE_EXISTING
초5~6,"thu,mon",TEACHER_RELATIONSHIP,SCHOOL_HIGHLIGHT,오늘 선생님이나 어른에게 도움받은 일이 있었어?,GATE,도움받은 상황;느낀 고마움;문제 해결 과정,혼자 스스로 해결했던 일이나 친구와 함께한 일로 전환,14,afternoon,1,6d8d4341-17b0-1e6b-da6d-48c4d0af40b3;c351b19e-e474-2f87-2739-d084b89b00d9,LOW,기존 mon 전용 문항의 weekday_affinity에 thu 추가 필요 (사제관계 및 지지자 확인),REUSE_EXISTING
초5~6,"thu,sun",DAILY_LIFE,WEEKEND_EXPECTATION,내일 기대되는 일이 있어?,GATE,금요일 기대 요소 확인;수업/방과후/주말 시작 계획,평범하고 무난한 하루가 되기를 응원,7,evening,1,fd6a364d-aa3f-2f0c-8c9f-232c0c4f9a35;ecb1bdf2-1f2e-2def-5b1d-d7a4d79f51dc,LOW,기존 요일 미지정 문항의 weekday_affinity에 thu 추가 필요 (금요일을 앞둔 기대감),REUSE_EXISTING
초5~6,thu,PEER_CONNECTION,FRIEND_PLAY,오늘 학교 쉬는 시간에 친구들이랑 재미있게 이야기하거나 논 거 있어?,GATE,놀이/대화 주제 파악;함께한 친구;재미있었던 포인트,쉬는 시간에 조용히 책 보거나 휴식했는지 확인,7,afternoon,2,,LOW,목요일 학교 쉬는 시간의 또래 상호작용 및 놀이 맥락 보강,NEW_QUESTION
초5~6,thu,PHYSICAL_STATE,MOOD_TODAY,"한 주가 거의 다 지나갔는데, 이번 주 조금 피곤했어 아니면 아직 쌩쌩해?",GATE,피로 요인 공감;목요일 밤 힐링 방법 제안,남은 체력으로 금요일을 맞이하는 기대감 탐색,14,evening,2,,LOW,목요일 특유의 누적 피로감 및 주말 카운트다운 심리 케어,NEW_QUESTION
초5~6,thu,SCHOOL_EXPERIENCE,SCHOOL_HIGHLIGHT,오늘 체육이나 특별활동 수업 있었어? 재미있었던 순간 있어?,GATE,활동 종목/내용 확인;활약한 순간;즐거웠던 이유,일반 수업 중 흥미로웠던 과목이나 순간으로 전환,7,afternoon,1,,LOW,초등 고학년의 주요 관심사인 체육/특별활동 신체 및 협동 경험 탐색,NEW_QUESTION
초5~6,thu,SCHOOL_EXPERIENCE,SCHOOL_HIGHLIGHT,내일 금요일 시간표 중에 기다려지거나 좋아하는 과목 있어?,GATE,좋아하는 과목 및 이유;해당 수업에서 기대하는 활동,금요일 학교 끝난 뒤 하고 싶은 일로 자연스럽게 전환,14,evening,1,,LOW,금요일 수업에 대한 긍정적 기대감 형성 및 학교 적응 지원,NEW_QUESTION
초5~6,thu,MEAL_AND_TASTE,FOOD_TODAY,오늘 학교 급식이나 간식 중에 맛있었던 메뉴 있었어?,GATE,맛있었던 메뉴 확인;평소 최애 급식 메뉴 이야기,집에서 먹고 싶은 맛있는 저녁이나 간식 이야기로 전환,7,afternoon,1,,LOW,급식/음식 취향을 통한 라포 형성 및 가벼운 일상 대화 유도,NEW_QUESTION
초5~6,thu,PEER_CONNECTION,FRIEND_PLAY,오늘 학교 끝나고 학원 가거나 집에 올 때 친구랑 같이 이야기하면서 왔어?,GATE,같이 온 친구;하굣길 대화 주제;소소한 에피소드,혼자 오면서 음악 듣거나 생각했던 점 이야기,7,afternoon,2,,LOW,하굣길/학원 이동 시간 친구들과의 자연스러운 소통 맥락 포착,NEW_QUESTION
초5~6,thu,SCHOOL_EXPERIENCE,SCHOOL_HIGHLIGHT,요즘 학교에서 친구들이랑 같이 하는 모둠 활동이나 발표 준비 있어?,GATE,모둠 과제 주제;본인이 맡은 역할;팀워크 진행 상황,개인 과제나 최근 집중하고 있는 학습으로 전환,14,afternoon,2,,LOW,초5~6 학년의 대표적인 학교 생활 양상인 모둠 활동/발표 탐색,NEW_QUESTION
초5~6,thu,DAILY_LIFE,RAPPORT_INTEREST,오늘 밤에 자기 전에 꼭 하고 싶은 나만의 자유 시간 있어?,GATE,자유시간 활동(웹툰/영상/독서/취미) 확인;개인 취향 탐색,일찍 잠자리에 들어 푹 쉴 계획인지 확인,7,evening,2,,LOW,목요일 밤 혼자만의 힐링 및 자율적 시간 활용 욕구 탐색,NEW_QUESTION
초5~6,fri,ACHIEVEMENT,SCHOOL_HIGHLIGHT,이번 주에 네가 제일 뿌듯했던 일은 뭐야?,OPEN,성취 경험 구체화;스스로 노력한 과정 인정;성취 후 기분,특별한 일이 없었더라도 한 주를 무사히 마친 점 격려,14,evening,2,7d29e8dc-5727-f78c-b965-70008afc17f4;fff1c3e1-8810-a8aa-3ed0-3e9525e30076,LOW,기존 금요일 자산 유지 (주간 최고 성취 회고 및 자기효능감 고취),REUSE_EXISTING
초5~6,fri,ACHIEVEMENT,SCHOOL_HIGHLIGHT,오늘 처음 해봤거나 새로 도전한 게 있어?,GATE,새로운 도전 내용;도전하며 느낀 점;결과 및 배움,익숙하게 잘 해낸 일이나 오늘 좋았던 일로 전환,14,evening,2,209a5f49-deae-4fcf-8dc9-1a412bd3ea37;45048dd1-c417-e441-6392-b2496f968cd8,LOW,기존 금요일 자산 유지 (금요일 도전 경험 및 성장 피드백),REUSE_EXISTING
초5~6,fri,ACHIEVEMENT,MOOD_TODAY,오늘 스스로에게 칭찬해주고 싶은 일이 있어?,GATE,칭찬 사유 구체화;스스로 대견했던 순간 지지,오늘 하루 고생한 자신에게 토닥토닥 응원 메시지 제안,14,evening,2,0776e5bc-b68b-f968-80d1-2dac4bb4fc1c;e70690e2-287c-b06d-6530-f8692630ad7b,LOW,기존 금요일 자산 유지 (한 주 마무리 시점의 자존감 지지),REUSE_EXISTING
초5~6,"fri,sun",EMOTIONAL_EXPERIENCE,DAILY_HIGHLIGHT,이번 주 통틀어 제일 좋았던 일은 뭐야?,OPEN,주간 최고 순간 확인;그때의 감정 공유;기억에 남는 이유,평온했던 시간이나 주말에 기대하는 일로 전환,14,evening,2,edfc5408-f0eb-b058-ec99-e2ffd113009b,LOW,기존 sun 전용 문항의 weekday_affinity에 fri 추가 필요 (금요일 주간 하이라이트 회고),REUSE_EXISTING
초5~6,"fri,sun",EMOTIONAL_EXPERIENCE,MOOD_TODAY,이번 주 마음을 한 단어로 표현하면 어떤 말이 떠올라?,OPEN,단어 선택 이유 경청;그 감정이 들었던 순간 탐색,주말 동안 느끼고 싶은 감정이나 편안한 상태로 전환,14,evening,2,32b08b68-f4b5-f32c-917e-6f5a2cae44e3;a3d93e9d-f6e6-146c-ff48-5744050f3d52,LOW,기존 sun 전용 문항의 weekday_affinity에 fri 추가 필요 (금요일 주간 감정 메타인지 점검),REUSE_EXISTING
초5~6,"fri,tue",PEER_CONNECTION,FRIEND_PLAY,이번 주 친구와 있었던 일 중 제일 마음에 남는 건 뭐야?,OPEN,친구와의 에피소드 공유;그때 느낀 감정;친구와의 관계 확인,주말에 친구와 연락하거나 만날 계획으로 전환,14,afternoon,2,852057dd-d3d6-e21a-3031-73172a6f893b;810f0982-54e4-ef0e-8ea6-a4bf1d552935,LOW,기존 tue 전용 문항의 weekday_affinity에 fri 추가 필요 (금요일 주간 친구관계 총결산),REUSE_EXISTING
초5~6,fri,DAILY_LIFE,RAPPORT_INTEREST,지금 제일 하고 싶은 게 뭐야?,OPEN,원하는 활동 탐색;금요일 방과후 해방감 지지;취향 확인,편안하게 쉴 수 있는 방법 함께 찾기,7,afternoon,1,c4415254-da55-4b66-8dbe-b877774f3e92,LOW,기존 요일 미지정 문항의 weekday_affinity에 fri 추가 필요 (금요일 하교 직후 즉각적 욕구 파악),REUSE_EXISTING
초5~6,fri,DIGITAL_CONTENT,GAME_TODAY,이번 주말에 친구들이랑 같이 하거나 혼자 달리고 싶은 게임 있어?,GATE,게임 이름 확인;친구와 협동/대결 여부;달성하고 싶은 목표,"영상 시청, 독서, 취미 활동 등 다른 주말 즐길거리로 전환",7,evening,2,,LOW,금요일 저녁 초5~6의 핵심 관심사인 주말 게임 계획 및 플레이 욕구 탐색,NEW_QUESTION
초5~6,fri,DIGITAL_CONTENT,VIDEO_TODAY,"주말에 몰아서 보고 싶은 유튜브 영상이나 드라마, 웹툰 같은 거 있어?",GATE,콘텐츠 채널/작품명 확인;기대하는 이유;추천 요청,"게임, 야외 활동, 보드게임 등 다른 콘텐츠로 전환",7,evening,2,,LOW,금요일 저녁 디지털 미디어/웹툰 정주행 계획을 통한 라포 및 취향 공유,NEW_QUESTION
초5~6,fri,DAILY_LIFE,OUTING_TODAY,이번 주말에 어디 놀러 가거나 외출할 계획 있어?,GATE,외출 장소 및 목적;동행인(가족/친구);기대되는 포인트,집에서 편안하게 뒹굴거리며 쉴 집콕 힐링 계획 탐색,7,afternoon,2,,LOW,주말 외출 및 나들이 계획을 탐색하는 금요일 필수 생활맥락 질문,NEW_QUESTION
초5~6,fri,PEER_CONNECTION,FRIEND_PLAY,오늘 학교 끝나고 친구들이랑 놀거나 어디 들렀다 왔어?,GATE,놀이 장소(노래방/분식집/놀이터 등);함께한 친구;즐거웠던 에피소드,학교 끝나고 곧바로 집으로 와서 맞이한 휴식으로 전환,7,afternoon,2,,LOW,금요일 방과후 또래 그룹과의 사적 만남 및 놀이 맥락 파악,NEW_QUESTION
초5~6,fri,DAILY_HIGHLIGHT,SCHOOL_HIGHLIGHT,이번 주 학교나 학원에서 친구들이랑 배꼽 빠지게 웃었던 일 있어?,GATE,웃겼던 상황 및 밈/유머 공유;함께 웃은 친구,최근 본 웃긴 영상이나 인터넷 짤 이야기로 가볍게 전환,14,afternoon,2,,LOW,한 주 동안 친구들과 나눈 유머/웃음 에피소드를 통한 긍정 정서 환기,NEW_QUESTION
초5~6,fri,DAILY_LIFE,RAPPORT_INTEREST,내일 학교 안 가니까 오늘 밤은 좀 늦게까지 놀 계획이야?,GATE,금요일 밤 자유시간 계획;늦게까지 하고 싶은 활동,일찍 자고 주말 아침을 여유롭게 시작할 계획인지 확인,7,evening,2,,LOW,불금 특유의 늦잠/야간 자유시간 허용감에 대한 아이들의 생활 감정 반영,NEW_QUESTION
초5~6,fri,MEAL_AND_TASTE,FOOD_TODAY,이번 주말에 꼭 먹고 싶다고 찜해둔 맛있는 음식 있어?,GATE,먹고 싶은 메뉴 확인;배달/외식/직접 만들기 여부;기대감 공유,오늘 저녁에 먹은 맛있는 음식 이야기로 전환,7,evening,1,,LOW,주말 특식/배달음식에 대한 기대감을 통한 자연스러운 라포 형성,NEW_QUESTION
초5~6,fri,PEER_CONNECTION,FRIEND_PLAY,이번 주말에 친구랑 만나서 놀기로 약속한 거 있어?,GATE,친구 약속 장소 및 활동;만나는 친구;준비하는 점,가족과 보내는 시간이나 혼자만의 취미 생활로 전환,7,afternoon,2,,LOW,주말 친구 약속 및 사적 교우관계 계획 확인,NEW_QUESTION
초5~6,fri,ACHIEVEMENT,MOOD_TODAY,"월요일부터 오늘까지 열심히 보냈는데, 오늘 스스로에게 주고 싶은 작은 보상이 있어?",GATE,스스로 정한 보상 내용(간식/자유시간/게임 등);한 주 노력 인정,한 주를 무사히 완주한 것만으로도 충분히 멋지다고 격려,14,evening,2,,LOW,주간 완주에 대한 자기 보상 및 긍정적 자기 피드백 습관 형성,NEW_QUESTION
초5~6,fri,EMOTIONAL_EXPERIENCE,MOOD_TODAY,금요일 수업 끝나고 교문 딱 나설 때 기분이 어땠어?,OPEN,하교 순간의 해방감/홀가분함 공감;주말 시작 기분 공유,남은 방과후/학원 일정에 대한 격려 및 응원,14,afternoon,2,,LOW,금요일 하교 순간의 생생한 감정 포착 및 주말 모드 전환 촉진,NEW_QUESTION
